Description,Price Was,Price,Percent Off,Rating,Review Count,URL
"Samsung LU32J590UQNXZ 32"" 4K UHD 60Hz Monitor",,$499.98,0%,4.3 out of 5 stars,"1,502",https://www.amazon.ca/Samsung-U32J590-32-Inch-LED-Lit-Monitor/dp/B07CS3JGPC/ref=sr_1_5?keywords=4k+monitor&qid=1654371669&sr=8-5
"Asus VP28UQG 28"" 4K/UHD 3840x2160 1ms DP HDMI Adaptive Sync/FreeSync Eye Care Monitor",$329.00,$298.00,-9.42%,4.3 out of 5 stars,"3,020",https://www.amazon.ca/Asus-VP28UQG-3840x2160-Adaptive-FreeSync/dp/B074PK4R2H/ref=sr_1_6?keywords=4k+monitor&qid=1654371669&sr=8-6
Philips Monitors 4K Ultra HD LCD Monitor 276E8VJSB 27-Inch Screen LCD 14700510,$379.99,$339.99,-10.53%,4.3 out of 5 stars,"7,046",https://www.amazon.ca/Philips-Monitors-Monitor-276E8VJSB-14700510/dp/B07JXCR263/ref=sr_1_8?keywords=4k+monitor&qid=1654371669&sr=8-8
"ASUS TUF Gaming VG289Q 28” HDR Gaming Monitor 4K (3840 x 2160) IPS FreeSync Eye Care DisplayPort Dual HDMI HDR 10,BLACK",,$429.99,0%,4.6 out of 5 stars,994,https://www.amazon.ca/Gaming-VG289Q-Monitor-FreeSync-DisplayPort/dp/B0845NXCXF/ref=sr_1_9?keywords=4k+monitor&qid=1654371669&sr=8-9
"ASUS TUF Gaming VG289Q1A 28” HDR Monitor, 4K UHD (3840 x 2160), IPS, Adaptive-Sync/FreeSync, Eye Care, DisplayPort HDMI, DCI-P3 HDR 10, Shadow Boost",,$399.99,0%,4.6 out of 5 stars,351,https://www.amazon.ca/Asus-Gaming-Vg289q1a-Monitor-Adaptive-Syn/dp/B083Z2RPB9/ref=sr_1_10?keywords=4k+monitor&qid=1654371669&sr=8-10
Asus VA32UQ 31.5” HDR Monitor 4K (3840 X 2160) FreeSync Eye Care DisplayPort HDMI HDR10,,$499.99,0%,4.6 out of 5 stars,548,https://www.amazon.ca/Asus-VA32UQ-Monitor-FreeSync-DisplayPort/dp/B07Y5VS144/ref=sr_1_11?keywords=4k+monitor&qid=1654371669&sr=8-11
"Samsung LU32R590CWNXZA 32"" 4K UHD 60Hz Curved Monitor",$548.00,$499.98,-8.76%,4.2 out of 5 stars,"1,168",https://www.amazon.ca/Samsung-Home-Entertainment-LU32R590CWNXZA-Monitor/dp/B07L9G1BFX/ref=sr_1_13?keywords=4k+monitor&qid=1654371669&sr=8-13
"ASUS ProArt Display PA279CV 27” 4K HDR UHD (3840 x 2160) Monitor, IPS, 100% sRGB/Rec. 709, ΔE < 2, USB-C DisplayPort HDMI USB hub, Calman Verified, Eye Care, Tilt Pivot Swivel Height Adjustable",,$664.99,0%,4.2 out of 5 stars,362,https://www.amazon.ca/Asus-PA279CV/dp/B08K2GFDKM/ref=sr_1_14?keywords=4k+monitor&qid=1654371669&sr=8-14
"SAMSUNG 28 inch Gaming Monitor 144hz 1ms, 4K IPS Monitor, G-Sync, HDR 400, CoreSync, Monitor Adjustable Height, Odyssey G7, G70A (LS28AG700NNXZA)",,$994.84,0%,4.3 out of 5 stars,"11,631",https://www.amazon.ca/SAMSUNG-Monitor-CoreSync-Adjustable-LS28AG700NNXZA/dp/B096YPN52D/ref=sr_1_15?keywords=4k+monitor&qid=1654371669&sr=8-15
"Philips 278E1A 27"" frameless monitor, 4K UHD IPS, 109% sRGB, Speakers, VESA, 4Yr Advance Replacement Warranty (Renewed)",$361.72,$289.99,-19.83%,4.3 out of 5 stars,54,https://www.amazon.ca/Philips-frameless-Speakers-Replacement-Warranty/dp/B08DX9H7FV/ref=sr_1_16?keywords=4k+monitor&qid=1654371669&sr=8-16
"LG 32UN650-W 31.5 Inch UHD (3840 x 2160) IPS Ultrafine Display with HDR10 Compatibility, DCI-P3 95% Color Gamut, AMD FreeSync, and 3-Side Virtually Borderless Height Adjustable Stand, Silve/White",$649.99,$549.99,-15.38%,4.4 out of 5 stars,437,https://www.amazon.ca/LG-32UN650-W-Compatibility-Borderless-Adjustable/dp/B08FQ42MN1/ref=sr_1_17?keywords=4k+monitor&qid=1654371669&sr=8-17
"LG 43UN700-B 43 Inch UHD (3840 X 2160) IPS Display with USB Type-C, 4 HDMI Inputs and HDR10, Black",,$879.99,0%,4.4 out of 5 stars,606,https://www.amazon.ca/LG-43UN700-B-Display-Type-C-Inputs/dp/B0821WWXV6/ref=sr_1_19?keywords=4k+monitor&qid=1654371669&sr=8-19
"LG 27UL500-W 27-Inch UHD (3840 x 2160) IPS Monitor with Radeon Freesync Technology and HDR10, White",$449.99,$349.99,-22.22%,4.5 out of 5 stars,"4,485",https://www.amazon.ca/LG-27UL500-W-27-Inch-Freesync-Technology/dp/B07PGL2WVS/ref=sr_1_20?keywords=4k+monitor&qid=1654371669&sr=8-20
"LG UltraWide 34WP65C-B 34 Inch 21:9 Curved FreeSync 1ms 160 Hz WQHD 4k Gaming Monitor, Black",,$649.99,0%,4.5 out of 5 stars,177,https://www.amazon.ca/LG-UltraWide-34WP65C-B-34-21/dp/B093TB6HZH/ref=sr_1_25?keywords=4k+monitor&qid=1654371669&sr=8-25
BenQ PD2705U 27 inch 4K IPS Calibrated USB-C Monitor for Designers,,$699.99,0%,5.0 out of 5 stars,1,https://www.amazon.ca/BenQ-PD2705U-Calibrated-Monitor-Designers/dp/B09NF49CDZ/ref=sr_1_26?keywords=4k+monitor&qid=1654371669&sr=8-26
"SAMSUNG UE57 Series 28-Inch 4K UHD (3840x2160) Computer Monitor, HDMI, Display Port, Eye Saver Mode, VESA Compatible, FreeSync (LU28E570DS/ZA)",$468.99,$399.99,-14.71%,4.5 out of 5 stars,"1,225",https://www.amazon.ca/Samsung-LU28E570DS-ZA-LED-Lit-Monitor/dp/B07FBNPTDD/ref=sr_1_27?keywords=4k+monitor&qid=1654371669&sr=8-27
"Dragon Touch S1 Pro 4K Portable Monitor, 15.6"" IPS HDR USB-C Gaming Monitor, 100% sRGB FreeSync with Speakers Mini HDMI for Xbox PS4 Nintendo Switch Laptop PC Phone Mac Surface, VESA Compatible",,$399.99,0%,3.9 out of 5 stars,55,https://www.amazon.ca/Dragon-Touch-Portable-FreeSync-Compatible/dp/B08XXD6ZLH/ref=sr_1_28?keywords=4k+monitor&qid=1654371669&sr=8-28
"HP 28"" 4K Ultra HD 60Hz 1ms Freesync Black",,$328.72,0%,4.4 out of 5 stars,173,https://www.amazon.ca/HP-4K-Ultra-Freesync-Black/dp/B08G5T5W76/ref=sr_1_29?keywords=4k+monitor&qid=1654371669&sr=8-29
"LG UltraGear 27GN600-B 27 Inch Full HD IPS 144Hz 1ms Gaming Monitor, NVIDA G-SYNC Compatible, Black",$399.99,$164.99,-58.75%,4.6 out of 5 stars,513,https://www.amazon.ca/LG-UltraGear-27GN600-B-Ultragear-Compatible/dp/B08LZNSF3J/ref=sr_1_30?keywords=4k+monitor&qid=1654371669&sr=8-30
"Portable Monitor - UCMDA 15.6 Inch Full HD 1080 IPS Screen Gaming Monitor, Built-in Dual Speakers/Monitor Case with USB-Powered Dual Portable Monitor for Laptop, PS4, Xbox, Switch, Phone (Grey Black)",,$239.99,0%,4.3 out of 5 stars,222,https://www.amazon.ca/Portable-Monitor-Built-Speakers-USB-Powered/dp/B09Z2HJG29/ref=sr_1_31?keywords=4k+monitor&qid=1654371669&sr=8-31
"GIGABYTE M32U 32"" 144Hz 4K FreeSync Compatible Gaming Monitor, SS IPS, 3840x2160 Display, 1ms Response Time (MPRT), 1x Display Port 1.4, 2X HDMI 2.1, 3X USB 3.0, 1x USB Type C",,$899.99,0%,4.3 out of 5 stars,109,https://www.amazon.ca/GIGABYTE-FreeSync-Compatible-3840x2160-Response/dp/B083GRVFXN/ref=sr_1_32?keywords=4k+monitor&qid=1654371669&sr=8-32
ViewSonic VX3211-4K-MHD 32 Inch Widescreen 4K Monitor with 99% sRGB Color Coverage HDMI VGA and DisplayPort,$500.09,$455.99,-8.82%,4.3 out of 5 stars,950,https://www.amazon.ca/ViewSonic-VX3211-4K-MHD-Widescreen-Coverage-DisplayPort/dp/B07F733RYH/ref=sr_1_33?keywords=4k+monitor&qid=1654371669&sr=8-33
"LG Ultrafine 32UL500-W 32 Inch UHD VA 4ms 60Hz 4K Monitor with AMD FreeSync, Silver/White",,$434.98,0%,4.5 out of 5 stars,961,https://www.amazon.ca/LG-32UL500-W-UHD-Monitor/dp/B088G1PKKN/ref=sr_1_34?keywords=4k+monitor&qid=1654371669&sr=8-34
"Philips 276E8VJSB 27"" Monitor, 4K UHD 3840x2160 IPS, 1 Billion+ Colors, UltraNarrow Borders, LowBlue, MultiView, DispalyPort/2xHDMI 2.0 (Renewed)",$339.99,$269.99,-20.59%,3.8 out of 5 stars,65,https://www.amazon.ca/276E8VJSB-3840x2160-UltraNarrow-MultiView-DispalyPort/dp/B07VKF9GHN/ref=sr_1_35?keywords=4k+monitor&qid=1654371669&sr=8-35
"LG UltraFine 27UP850-W 27 Inch 5ms 60Hz UHD 4k Monitor, USB Type-C, Silver",,$649.99,0%,4.3 out of 5 stars,130,https://www.amazon.ca/LG-UltraFine-27UP850-W-Monitor-IPS-DisplayHDR/dp/B08YJMMYBX/ref=sr_1_36?keywords=4k+monitor&qid=1654371669&sr=8-36
"BenQ EW2880U 28” 4K UHD IPS HDRi Monitor, USB-C, HDMI. DP, 3840x2160, Built-in Speakers, Anti-Glare, Flicker-Free, Bezel-Less, Brightness Intelligence Plus",,$547.99,0%,5.0 out of 5 stars,2,https://www.amazon.ca/BenQ-EW2880U-Anti-Glare-Flicker-Free-Intelligence/dp/B09KLH1GQD/ref=sr_1_37?keywords=4k+monitor&qid=1654371669&sr=8-37
"Dell P2721Q 27 Inch 4K FHD, IP Ultra-Thin Bezel Monitor, USB-C, HDMI, DisplayPort, VESA Certified, Silver, Gray",,$649.99,0%,4.4 out of 5 stars,163,https://www.amazon.ca/Dell-P2721Q-Ultra-Thin-DisplayPort-Certified/dp/B08JNKKPD4/ref=sr_1_38?keywords=4k+monitor&qid=1654371669&sr=8-38
"Philps Computer Monitors Philips 278E1A 27"" Frameless Monitor, 4K UHD IPS, 109% sRGB, Speakers, VESA, 4Yr Advance Replacement Warranty",,$361.72,0%,4.2 out of 5 stars,510,https://www.amazon.ca/Philps-Computer-Monitors-278E1A-Replacement/dp/B07ZSGR5TM/ref=sr_1_39?keywords=4k+monitor&qid=1654371669&sr=8-39
"LG UltraWide 34WP65G-B 34 Inch Full HD 5ms 75Hz Monitor, USB Type C, AMD Freesync, Black",$499.99,$401.04,-19.79%,4.5 out of 5 stars,92,https://www.amazon.ca/LG-UltraWide-34WP65G-B-DisplayHDR-Adjustable/dp/B08RJ1BFJR/ref=sr_1_40?keywords=4k+monitor&qid=1654371669&sr=8-40
"LG 34WN80C-B UltraWide Monitor 34” 21:9 Curved WQHD (3440 x 1440) IPS Display, USB Type-C (60W PD), sRGB 99% Color Gamut, 3-Side Virtually Borderless Design, Tilt/Height Adjustable Stand - Black",,$699.99,0%,4.6 out of 5 stars,"3,025",https://www.amazon.ca/LG-34WN80C-B-34-Inch-Led-Lit-14700510/dp/B07YGZ7C1K/ref=sr_1_41?keywords=4k+monitor&qid=1654371669&sr=8-41
"ASUS ROG Strix 43” 4K HDR DSC Gaming Monitor (XG43UQ) - UHD (3840 x 2160), 144Hz, 1ms, HDMI 2.1, Extreme Low Motion Blur Sync, FreeSync™ Premium Pro, DisplayHDR1000, DCI-P3 90%, DisplayPort, USB","$1,699.00","$1,399.99",-17.6%,4.1 out of 5 stars,68,https://www.amazon.ca/ASUS-Strix-Gaming-Monitor-XG43UQ/dp/B099PJ8SPT/ref=sr_1_42?keywords=4k+monitor&qid=1654371669&sr=8-42
Dell UltraSharp U2720Q 27 Inch 4K UHD (3840 x 2160) LED Backlit LCD IPS USB-C Monitor (7GZ651),$798.00,$749.99,-6.02%,4.5 out of 5 stars,756,https://www.amazon.ca/Dell-UltraSharp-U2720Q-Backlit-Monitor/dp/B086H26XWV/ref=sr_1_43?keywords=4k+monitor&qid=1654371669&sr=8-43
"Dell S2721Q 27 Inch 4K UHD, IPS Ultra-Thin Bezel Monitor, AMD FreeSync, HDMI, DisplayPort, VESA Certified, Silver",,$568.05,0%,4.4 out of 5 stars,861,https://www.amazon.ca/Dell-S2721Q-Ultra-Thin-DisplayPort-Certified/dp/B08DP756Z3/ref=sr_1_44?keywords=4k+monitor&qid=1654371669&sr=8-44
"AORUS FI32U 32"" 4K SS IPS Gaming Monitor, Exclusive Built-in ANC, 3840x2160 Display, 144 Hz Refresh Rate, 1ms Response Time (GTG), 1x Display Port 1.4, 2X HDMI 2.1, 2X USB 3.0, with USB Type-C","$1,299.99",$998.98,-23.15%,4.0 out of 5 stars,35,https://www.amazon.ca/AORUS-Monitor-Exclusive-3840x2160-Response/dp/B09885HV8C/ref=sr_1_45?keywords=4k+monitor&qid=1654371669&sr=8-45
"Portable Game Display Screen, 14 inch Ultra-Thin IPS LCD Display HDMI Computer Monitor 1920X1080 Mini Game Monitor for PS4/ Xbox One/Switch",,$240.99,0%,5.0 out of 5 stars,2,https://www.amazon.ca/Portable-Display-Ultra-Thin-Computer-1920X1080/dp/B08D2Z48K8/ref=sr_1_46?keywords=4k+monitor&qid=1654371669&sr=8-46
"LG Ultrafine 32UP550-W 31.5 Inch 1ms 60Hz UHD 4K Monitor with AMD FreeSync, USB Type-C Connectivity, Silver/White",,$583.73,0%,3.8 out of 5 stars,49,https://www.amazon.ca/LG-32UP550-W-31-5-inch-FreeSync-Connectivity/dp/B096TJ7QF2/ref=sr_1_47?keywords=4k+monitor&qid=1654371669&sr=8-47
"LG UltraGear 34GP83A-B 34 Inch 21:9 Curved QHD (3440 x 1440) 1ms Nano IPS Gaming Monitor with 160Hz and G-SYNC Compatibility, Black","$1,099.99",$769.89,-30.01%,4.4 out of 5 stars,"1,240",https://www.amazon.ca/LG-UltraGear-34GP83A-B-Adaptive-Sync-Compatible/dp/B08DWD38VX/ref=sr_1_48?keywords=4k+monitor&qid=1654371669&sr=8-48
"ASUS TUF Gaming 28” 4K 144HZ DSC HDMI 2.1 Gaming Monitor (VG28UQL1A) - UHD (3840 x 2160), Fast IPS, 1ms, Extreme Low Motion Blur Sync, G-SYNC Compatible, FreeSync Premium, Eye Care, DCI-P3 90%",,"$1,014.99",0%,4.5 out of 5 stars,186,https://www.amazon.ca/ASUS-Gaming-144HZ-Monitor-VG28UQL1A/dp/B09FP3J623/ref=sr_1_49?keywords=4k+monitor&qid=1654371669&sr=8-49
"ASUS 31.5” 4K HDR Monitor (VP32UQ) - UHD (3840 x 2160), IPS, 100% sRGB, HDR10, Speakers, Adaptive-Sync/FreeSync, Low Blue Light, Eye Care, VESA Mountable, Frameless, DisplayPort, HDMI, Tilt",,$523.99,0%,4.1 out of 5 stars,54,https://www.amazon.ca/ASUS-31-5-Monitor-VP32U-Adaptive-Sync/dp/B096PNMSQZ/ref=sr_1_50?keywords=4k+monitor&qid=1654371669&sr=8-50
"Samsung 32"" 4K Ultra HD 60Hz 4ms GTG VA LED Smart M8 Monitor (LS32BM801UNXGO) - Warm White",$849.99,$738.98,-13.06%,3.4 out of 5 stars,14,https://www.amazon.ca/Samsung-Ultra-Smart-Monitor-LS32BM801UNXGO/dp/B09TWW7RS1/ref=sr_1_51?keywords=4k+monitor&qid=1654371669&sr=8-51
"LG Ultragear 34GL750 Gaming Monitor with 34 Inch 21:9 Wide Full HD 1ms 144Hz Curved IPS Display, AMD FreeSync, Black",$599.99,$549.99,-8.33%,4.4 out of 5 stars,"1,763",https://www.amazon.ca/LG-34GL750-inch-21-Ultragear/dp/B07R5R9VR9/ref=sr_1_52?keywords=4k+monitor&qid=1654371669&sr=8-52
"ASUS ProArt Display 32” 4K HDR Monitor (PA329CV) - UHD (3840 x 2160), IPS, 100% sRGB/Rec.709, ΔE < 2, Calman Verified, USB-C Power Delivery, DisplayPort, HDMI, USB 3.1 Hub, C-clamp, Height Adjustable",,$999.00,0%,3.9 out of 5 stars,33,https://www.amazon.ca/ASUS-ProArt-Display-Monitor-PA329CV/dp/B09D7JCT5Y/ref=sr_1_53?keywords=4k+monitor&qid=1654371669&sr=8-53
"YEYIAN ODRAZ 27” PC Gaming Frameless 4K UHD HDR Monitor 3840x2160 IPS Panel, 1 Billion Colors, Low Blue, 300cd/m2, 1000:1, 60Hz, 5ms, 16:9, 178°, G-Sync, FreeSync, DP/HDMI/USB, Speakers, VESA, Tilt",,$379.99,0%,4.5 out of 5 stars,"1,040",https://www.amazon.ca/YEYIAN-Frameless-Monitor-3840x2160-Billion/dp/B09HN6XSYS/ref=sr_1_55?keywords=4k+monitor&qid=1654371669&sr=8-55
"Samsung LS24R350FZNXZA 24"" LED-Lit Monitor 75Hz Freesync Dark Blue Grey (LS24R350FZNXZA)",$249.99,$178.00,-28.8%,4.5 out of 5 stars,952,https://www.amazon.ca/Samsung-LS24R350FZNXZA-LED-Lit-Monitor-Freesync/dp/B091BCRJR7/ref=sr_1_56?keywords=4k+monitor&qid=1654371669&sr=8-56
"LG 32UP550N-W 32 Inch UHD(3840 x 2160) 4K Monitor with IPS 4ms 60Hz Display, AMD FreeSync, USB Type C, White",,$549.99,0%,No reviews,0,https://www.amazon.ca/LG-32UP550N-W-Monitor-Display-FreeSync/dp/B0B196S8GF/ref=sr_1_53?keywords=4k+monitor&qid=1654371671&sr=8-53
"ASUS 34” Ultrawide HDR Gaming Monitor (VP349CGL) - 21:9 UWQHD (3440 x 1440), IPS, 100Hz, 1ms, USB-C w/Power Delivery, FreeSync, Eye Care Plus, VESA Mountable, HDMI, DisplayPort, Height Adjustable",,$599.00,0%,5.0 out of 5 stars,4,https://www.amazon.ca/ASUS-Ultrawide-Gaming-Monitor-VP349CGL/dp/B09G94PTZR/ref=sr_1_55?keywords=4k+monitor&qid=1654371671&sr=8-55
"ViewSonic VX3276-4K-MHD 32 Inch 4K UHD Monitor with Ultra-Thin Bezels, HDR10 HDMI and DisplayPort for Home and Office",$532.99,$495.93,-6.95%,4.4 out of 5 stars,"7,855",https://www.amazon.ca/ViewSonic-Monitor-VX3276-4K-MHD-32-Inch-14700510/dp/B07SRDX1Z1/ref=sr_1_56?keywords=4k+monitor&qid=1654371671&sr=8-56
"LG 27GP850-B Ultragear Gaming Monitor 27” QHD (2560 x 1440) Nano IPS Display, 1ms Response Tim, 165Hz Refresh Rate, NVIDIA G-SYNC Compatible, AMD FreeSync Premium, Tilt/Height/Pivot Adjustable Stand",$649.99,$499.99,-23.08%,4.6 out of 5 stars,555,https://www.amazon.ca/LG-UltraGear-27GP850-B-Ultragear-Compatible/dp/B093MTSTKD/ref=sr_1_57?keywords=4k+monitor&qid=1654371671&sr=8-57
"LG UltraWide 40WP95C-W 40 Inch UHD 4K Monitor with 5ms 72Hz IPS Display AMD Freesync, Curved Monitor, White",,"$2,499.99",0%,4.8 out of 5 stars,26,https://www.amazon.ca/LG-UltraWide-40WP95C-W-Monitor-Freesync/dp/B09P1VLCQ4/ref=sr_1_58?keywords=4k+monitor&qid=1654371671&sr=8-58
"LG UltraWide 49WL95C-WY Monitor, 49 Inch 32:9 Dual WQHD 5ms 60Hz IPS Ultrawide Curved Display, Black","$1,699.99","$1,549.99",-8.82%,5.0 out of 5 stars,1,https://www.amazon.ca/LG-UltraWide-49WL95C-WY-Monitor-Inch/dp/B09QD21693/ref=sr_1_59?keywords=4k+monitor&qid=1654371671&sr=8-59
"MSI Full HD FreeSync Gaming Monitor 24"" Curved Non-Glare 1ms Led Wide Screen 1920 X 1080 144Hz Refresh Rate (Optix G24C),Black/Red",,$218.00,0%,4.5 out of 5 stars,"6,456",https://www.amazon.ca/G24C-FreeSync-Monitor-Non-Glare-Refresh/dp/B072JZ66T3/ref=sr_1_60?keywords=4k+monitor&qid=1654371671&sr=8-60
"ASUS ProArt Display PA278QV 27” WQHD (2560 x 1440) Monitor, 100% sRGB/Rec. 709 ΔE < 2, IPS, DisplayPort HDMI DVI-D Mini DP, Calman Verified, Eye Care, Anti-Glare, Tilt Pivot Swivel Height Adjustable",,$412.99,0%,4.7 out of 5 stars,"1,505",https://www.amazon.ca/PA278QV-DisplayPort-Verified-Anti-Glare-Adjustable/dp/B088BC5HMM/ref=sr_1_61?keywords=4k+monitor&qid=1654371671&sr=8-61
"Dell U3223QE UltraSharp 31.5"" 16:9 4K Ultra HD USB-C Hub IPS LED LCD Monitor",,"$1,190.32",0%,3.5 out of 5 stars,3,https://www.amazon.ca/Dell-U3223QE-UltraSharp-31-5-16/dp/B09TVZHV4W/ref=sr_1_62?keywords=4k+monitor&qid=1654371671&sr=8-62
"ASUS TUF Gaming 27"" 2K HDR Monitor (VG27AQ1A) - QHD (2560 x 1440), IPS, 170Hz (Supports 144Hz), 1ms, Extreme Low Motion Blur, Speaker, G-SYNC Compatible, VESA Mountable, DisplayPort, HDMI",$429.99,$399.99,-6.98%,4.5 out of 5 stars,"1,002",https://www.amazon.ca/VG27AQ1A-Monitor-Supports-Compatible-DisplayPort/dp/B08CZ8QJTX/ref=sr_1_63?keywords=4k+monitor&qid=1654371671&sr=8-63
"AOC U2790VQ 27"" 4K 3840x2160 UHD Frameless Monitor, IPS, 5ms, 1 Billion+ Colors, DisplayPort/HDMI Inputs, Vesa, Black",,$447.58,0%,4.2 out of 5 stars,"4,711",https://www.amazon.ca/AOC-U2790VQ-3840x2160-Frameless-DisplayPort/dp/B07LBM2DCC/ref=sr_1_64?keywords=4k+monitor&qid=1654371671&sr=8-64
HKC 24'' IPS Full HD Eye-Cared Frameless 1080P White Monitor HDMI VGA Input 3years warrenty V2412W,$269.99,$198.99,-26.3%,4.1 out of 5 stars,67,https://www.amazon.ca/HKC-Computer-Monitor-Eye-Cared-Warranty/dp/B07DJ3825G/ref=sr_1_65?keywords=4k+monitor&qid=1654371671&sr=8-65
"SAMSUNG Odyssey G55A Series 27-Inch WQHD (2560x1440) Curved Gaming Monitor, 165Hz, 1ms, HDMI, DisplayPort, FreeSync, HDR10 (LS27AG550ENXZA)",,$499.99,0%,5.0 out of 5 stars,1,https://www.amazon.ca/SAMSUNG-2560x1440-DisplayPort-FreeSync-LS27AG550ENXZA/dp/B09TS2DLVN/ref=sr_1_66?keywords=4k+monitor&qid=1654371671&sr=8-66
"Samsung LC27G55TQWNXZA WQHD 144HZ 1MS Freesync HDR10 Monitor with 1000R Curvature, Black",$378.00,$348.00,-7.94%,4.3 out of 5 stars,"1,317",https://www.amazon.ca/Samsung-LC27G55TQWNXZA-Freesync-Monitor-Curvature/dp/B08FF3F5HR/ref=sr_1_67?keywords=4k+monitor&qid=1654371671&sr=8-67
Samsung LS24T350FHNXZA 24-inch Screen LED-Lit Monitor 5ms 75Hz Eye-Saver Mode with Freesync (LF24T350FHNXZA),$199.00,$179.99,-9.55%,4.5 out of 5 stars,408,https://www.amazon.ca/Samsung-LS24T350FHNXZA-Eye-Saver-Freesync-LF24T350FHNXZA/dp/B08J4JRRCT/ref=sr_1_68?keywords=4k+monitor&qid=1654371671&sr=8-68
"LG UltraGear 32GP850-B 32 Inch QHD 2560 x 1440 Nano IPS Gaming Monitor 1ms 165Hz NVIDIA G-SYNC Compatible, AMD FreeSync Premium, Black",$749.99,$549.98,-26.67%,4.4 out of 5 stars,343,https://www.amazon.ca/LG-UltraGear-32GP850-B-Ultragear-Compatible/dp/B093MFKDLP/ref=sr_1_74?keywords=4k+monitor&qid=1654371671&sr=8-74
"SAMSUNG T350 Series 22-Inch FHD 1080p Computer Monitor, 75Hz, IPS Panel, HDMI, VGA (D-Sub), 3-Sided Border-Less, FreeSync (LF22T350FHNXZA)",,$169.99,0%,4.4 out of 5 stars,"1,020",https://www.amazon.ca/Samsung-LF22T350FHNXZA-22-inch-Eye-Saver-Freesync/dp/B08FNW672V/ref=sr_1_75?keywords=4k+monitor&qid=1654371671&sr=8-75
"GIGABYTE G32QC A (32"" 165Hz 1440P Curved Gaming Monitor, 2560 x 1440 VA 1500R Display, 1ms (MPRT) Response Time, 93% DCI-P3, VESA Display HDR400, FreeSync Premium Pro",$398.98,$358.98,-10.03%,4.3 out of 5 stars,"4,228",https://www.amazon.ca/GIGABYTE-G32QC-Monitor-Response-FreeSync/dp/B0926ZVM75/ref=sr_1_76?keywords=4k+monitor&qid=1654371671&sr=8-76
"Acer Nitro 31.5"" Gaming Monitor, HDMI 2.1, 4K, 3840x2160 @ 144Hz, 1MS, Speakers, XV322QK Kvbmiiphuzx",,"$1,399.99",0%,No reviews,0,https://www.amazon.ca/Acer-Monitor-3840x2160-Speakers-Kvbmiiphuzx/dp/B09BNZ7XLT/ref=sr_1_77?keywords=4k+monitor&qid=1654371671&sr=8-77
"Alienware 360Hz Gaming Monitor 24.5 Inch FHD (Full HD 1920 x 1080p), NVIDIA G-SYNC Certified, 100mm x 100mm VESA Mounting Support, Dark Side of The Moon - AW2521H",$688.98,$649.99,-5.66%,4.5 out of 5 stars,168,https://www.amazon.ca/Alienware-Monitor-Certified-Mounting-Support/dp/B08XWKCC68/ref=sr_1_78?keywords=4k+monitor&qid=1654371671&sr=8-78
"ASUS TUF Gaming VG34VQL1B 34? Curved HDR Monitor, WQHD (3440x1440), 165Hz, 1ms, Extreme Low Motion Blur, FreeSync Premium, Eye Care, DisplayPort HDMI USB, Height Adjustable, DisplayHDR 400, Black",,$649.99,0%,4.5 out of 5 stars,390,https://www.amazon.ca/Asus-VG34VQL1B/dp/B08LCMYT54/ref=sr_1_79?keywords=4k+monitor&qid=1654371671&sr=8-79
"GIGABYTE M32UC 32"" 144Hz (160Hz OC) 4K UHD Curved Gaming Monitor, SS VA, 3840x2160 Display, 1ms Response Time (MPRT), 1x DisplayPort 1.4, 2X HDMI 2.1, 1x USB Type-C, 4X USB 3.2",,$927.76,0%,2.0 out of 5 stars,1,https://www.amazon.ca/GIGABYTE-Monitor-3840x2160-Response-DisplayPort/dp/B09WPTKDQY/ref=sr_1_80?keywords=4k+monitor&qid=1654371671&sr=8-80
Asus ROG Strix XG49VQ 49â€ Curved Gaming FreeSync Monitor 144Hz Dual Full HD HDR Eye Care with DP HDMI Black,,"$1,199.99",0%,4.3 out of 5 stars,550,https://www.amazon.ca/XG49VQ-Curved-Gaming-FreeSync-Monitor/dp/B07PZR2YY4/ref=sr_1_81?keywords=4k+monitor&qid=1654371671&sr=8-81
"LG Ultrafine 32UL950-W 32 Inch 5ms 60Hz UHD 4K Monitor, Thunderbolt 3, Silver","$1,349.99","$1,252.00",-7.26%,4.4 out of 5 stars,637,https://www.amazon.ca/LG-32UL950-W-Ultrafine-Thunderbolt-Connectivity/dp/B07K8877Y5/ref=sr_1_82?keywords=4k+monitor&qid=1654371671&sr=8-82
"ViewSonic VX1755 17 Inch 1080p Portable IPS Gaming Monitor with 144Hz, AMD FreeSync Premium, 2 Way Powered 60W USB C, Mini HDMI, and Built in Stand with Cover for Home and Esports, Black",$394.15,$371.85,-5.66%,4.7 out of 5 stars,18,https://www.amazon.ca/ViewSonic-VX1755-Portable-Monitor-FreeSync/dp/B09CQJ39YS/ref=sr_1_83?keywords=4k+monitor&qid=1654371671&sr=8-83
"ViewSonic VP2756-4K 27 Inch Premium IPS 4K Frameless Ergonomic Monitor with Color Accuracy, Pantone Validated, Factory Calibrated, HDMI, DisplayPort and USB Type C for Professional Home and Office",$635.99,$586.39,-7.8%,4.5 out of 5 stars,560,https://www.amazon.ca/ViewSonic-VP2756-4K-Calibrated-DisplayPort-Professional/dp/B08V1225XS/ref=sr_1_84?keywords=4k+monitor&qid=1654371671&sr=8-84
"Philips 325E8 32'' IPS LCD, QHD 2560x1440 Pixels, 1.07 Billion Colors, 75Hz, AMD FreeSync, LowBlue Mode, HDMI/DisplayPort/DVI/VGA, VESA, 4 Year Advance Replacement Warranty",,$298.00,0%,3.9 out of 5 stars,11,https://www.amazon.ca/325E8-2560x1440-FreeSync-DisplayPort-Replacement/dp/B09CLPGS4D/ref=sr_1_85?keywords=4k+monitor&qid=1654371671&sr=8-85
"ViewSonic Elite XG321UG 32 Inch 4K IPS 144Hz Gaming Monitor with G-Sync, Mini LED, Nvidia Reflex, HDR1400, Advanced Ergonomics, HDMI and DP for Esports, Black",,"$3,357.63",0%,4.5 out of 5 stars,2,https://www.amazon.ca/ViewSonic-XG321UG-Monitor-Advanced-Ergonomics/dp/B094RG7GYR/ref=sr_1_86?keywords=4k+monitor&qid=1654371671&sr=8-86
"LG 27GN95R-B 27 Inch Ultragear (3840 x 2160) Gaming Monitor with Nano IPS 1ms 160Hz Display, AMD FreeSync™ Premium Pro, USB A to B, Black",,"$1,099.99",0%,No reviews,0,https://www.amazon.ca/LG-27GN95R-B-Ultragear-Monitor-FreeSyncTM/dp/B0B275RG14/ref=sr_1_88?keywords=4k+monitor&qid=1654371671&sr=8-88
"4K Portable Monitor, AYY 400 cd/m² Ultra Bright OTG USB-C/HDMI Computer Display, 3840x2160P FHD IPS Computer Monitor, Gaming Monitor for Laptop PC MAC Phone PS4 Xbox Switch(with Bracket| Plug&Play)……",,$242.99,0%,4.2 out of 5 stars,76,https://www.amazon.ca/Portable-Monitor-AYY-Computer-3840x2160P/dp/B09JFTGJKL/ref=sr_1_89?keywords=4k+monitor&qid=1654371671&sr=8-89
"LG 27UP850N-W 27 Inch UHD (3840 x 2160) 4K Monitor with IPS 5ms 60Hz Display, AMD FreeSync, USB Type C, White",,$649.99,0%,No reviews,0,https://www.amazon.ca/LG-27UP850N-W-Monitor-Display-FreeSync/dp/B0B195FXTD/ref=sr_1_90?keywords=4k+monitor&qid=1654371671&sr=8-90
"Portable Monitor,15 inch Full HD 1080P sRGB USB-C Laptop Monitor HDMI Computer Display HDR IPS Gaming Monitor w/Premium Smart Cover & Speakers, for Laptop PC MAC Phone PS4 Xbox",,$259.99,0%,4.3 out of 5 stars,17,https://www.amazon.ca/Portable-Monitor-Computer-Display-Speakers/dp/B09H6ZVFMB/ref=sr_1_91?keywords=4k+monitor&qid=1654371671&sr=8-91
"ASUS ROG Swift PG32UQ 32” 4K HDR 144Hz DSC HDMI 2.1 Gaming Monitor, UHD (3840 x 2160), IPS, 1ms, G-SYNC Compatible, Extreme Low Motion Blur Sync, Eye Care, DisplayPort, USB, DisplayHDR 600",,"$1,399.00",0%,2.5 out of 5 stars,117,https://www.amazon.ca/PG32UQ-Monitor-Compatible-DisplayPort-DisplayHDR/dp/B09GP87QKN/ref=sr_1_92?keywords=4k+monitor&qid=1654371671&sr=8-92
"Sceptre Curved 30"" 21:9 Gaming LED Monitor 2560x1080p UltraWide Ultra Slim HDMI DisplayPort Up to 85Hz MPRT 1ms FPS-RTS Build-in Speakers, Machine Black (C305W-2560UN)",,$380.57,0%,4.5 out of 5 stars,"3,680",https://www.amazon.ca/Sceptre-30-Inch-C305W-2560UN-DisplayPort-Build/dp/B07XZNXWGS/ref=sr_1_93?keywords=4k+monitor&qid=1654371671&sr=8-93
"AOC CU32V3 32"" Super-Curved 4K UHD Monitor, 1500R Curved VA, 4ms, 121% sRGB Coverage / 90% DCI-P3, HDMI 2.0/DisplayPort, VESA, Black",,$527.99,0%,4.5 out of 5 stars,838,https://www.amazon.ca/AOC-CU32V3-Super-Curved-Coverage-DisplayPort/dp/B083TDZJD7/ref=sr_1_94?keywords=4k+monitor&qid=1654371671&sr=8-94
"Dell S2721QS 27 Inch 4K UHD (3840 x 2160) IPS Ultra-Thin Bezel Monitor, AMD FreeSync (HDMI, DisplayPort), VESA Certified, Silver",,$588.54,0%,4.4 out of 5 stars,589,https://www.amazon.ca/Dell-S2721QS-Marketing/dp/B08DQWG3JG/ref=sr_1_95?keywords=4k+monitor&qid=1654371671&sr=8-95
"BenQ SW271C 27” 4K Photo & Video Editing Monitor | 4K UHD | IPS | 99% Adobe RGB, 100% sRGB/Rec. 709, 90% DCI-P3/Display P3 | AQCOLOR Tech | Hardware Calibration |10 bit color depth | HDR10/HLG | USB-C",,"$1,999.98",0%,5.0 out of 5 stars,17,https://www.amazon.ca/BenQ-SW271C-Editing-Hardware-Calibration/dp/B0911822LZ/ref=sr_1_96?keywords=4k+monitor&qid=1654371671&sr=8-96
"Portable Monitor 17.3 inch, MOTYEOWE 1080P FHD IPS Narrow Bezel Computer Display, USB C HDMI External Large Gaming Monitor Compatible with Laptop PC Mac Phone PS5 Surface and Switch",,$339.99,0%,No reviews,0,https://www.amazon.ca/Portable-MOTYEOWE-Computer-External-Compatible/dp/B09V7WQR41/ref=sr_1_98?keywords=4k+monitor&qid=1654371671&sr=8-98
"Dell S2722QC 27-inch 4K USB-C Monitor - UHD (3840 x 2160) Display, 60Hz Refresh Rate, 8MS Grey-to-Grey Response Time (Normal Mode), Built-in Dual 3W Speakers, 1.07 Billion Colors - Platinum Silver",,$829.00,0%,4.3 out of 5 stars,253,https://www.amazon.ca/Dell-S2722QC-Response-Integrated-Speakers/dp/B09DTDRJWP/ref=sr_1_99?keywords=4k+monitor&qid=1654371671&sr=8-99
"Dell UltraSharp 27"" 16:9 4K IPS LED Monitor [U2723QE]",,"$1,100.00",0%,3.8 out of 5 stars,8,https://www.amazon.ca/Dell-UltraSharp-27-16-Monitor/dp/B09RSTWVTP/ref=sr_1_100?keywords=4k+monitor&qid=1654371671&sr=8-100
"Acer 27"" HDR 4K 144Hz FreeSync2 GSYNC Compatible, XV273K PBMIIPPHZX","$1,199.99",$758.98,-36.75%,4.3 out of 5 stars,"2,406",https://www.amazon.ca/Acer-Canada-UM-HX3AA-P02-27-Inch-14700510/dp/B07MQBDY91/ref=sr_1_101?keywords=4k+monitor&qid=1654371671&sr=8-101
"LG UltraWide 29WP500-B 29 Inch Full HD 5ms 75Hz Monitor with IPS Display and AMD FreeSync, Black",$299.99,$279.89,-6.7%,4.7 out of 5 stars,49,https://www.amazon.ca/LG-29WP500-B-UltraWide-Monitor-FreeSync/dp/B092RBXXPT/ref=sr_1_102?keywords=4k+monitor&qid=1654371671&sr=8-102
"Philips Computer Monitor 27"" 3840 x 2160 (279P1)",,$562.99,0%,4.3 out of 5 stars,77,https://www.amazon.ca/Philips-Computer-Monitor-3840-279P1/dp/B08KFLY9DQ/ref=sr_1_103?keywords=4k+monitor&qid=1654371671&sr=8-103
"INNOCN 27"" Computer Monitor 4K UHD 3840 x 2160 16:9 LCD IPS Display, 100% sRGB DP USB C HDMI PC Monitor HDR400 FreeSync, 1.07B+ Colors, Gravity Sensor, Calibrated Colors Accuracy ∆E＜2, VESA - 27C1U",,$479.99,0%,4.3 out of 5 stars,58,https://www.amazon.ca/INNOCN-Computer-Monitor-3840-2160/dp/B09JS74MGY/ref=sr_1_104?keywords=4k+monitor&qid=1654371671&sr=8-104
"ViewSonic XG2431 24 Inch 1080p 240Hz 1ms Gaming Monitor with AMD FreeSync Premium, Advanced Ergonomics, Eye Care, HDMI and DisplayPort for Esports",$404.99,$349.89,-13.61%,4.4 out of 5 stars,"2,297",https://www.amazon.ca/ViewSonic-XG2431-FreeSync-Ergonomics-DisplayPort/dp/B097S9SYM5/ref=sr_1_101?keywords=4k+monitor&qid=1654371673&sr=8-101
"LG 34WK95U-W 34&quot;UltraWide 5K Nano IPS LED Monitor with Built-In Speakers, 5120x2160",,"$1,899.99",0%,3.9 out of 5 stars,84,https://www.amazon.ca/34-21-UltraWide-5K-Nano/dp/B07FT8ZBMR/ref=sr_1_102?keywords=4k+monitor&qid=1654371673&sr=8-102
"Samsung Monitor T55 32 Inch |32"" Curved Monitor (LC32T550FDNXZA) - Curved, 1000R, 1080P, 4ms, AMD Freesync, HDMI, DP",,$379.99,0%,4.6 out of 5 stars,"4,942",https://www.amazon.ca/Samsung-Monitor-Inch-Curved-LC32T550FDNXZA/dp/B086VR4QR4/ref=sr_1_103?keywords=4k+monitor&qid=1654371673&sr=8-103
"OLED Portable Monitor - C-FORCE CF015 Next 15.6"" OLED 4K/UHD 3840x2160 Computer Display - for Photo Editing with 4K, 100% DCI-P3, 100000:1, USB Type-C External Monitor for Laptop,PC,Xbox,PS5,Switch",,$899.99,0%,4.9 out of 5 stars,10,https://www.amazon.ca/OLED-Portable-Monitor-3840x2160-Computer/dp/B09NPJ8YM1/ref=sr_1_104?keywords=4k+monitor&qid=1654371673&sr=8-104
"Cooler Master GM34-CW2 34” Ultra-WQHD QLED 3440x1440 Frameless Curved PC Gaming Monitor, 144Hz (Overclock to 165Hz AUO), Curve 1500R, AMD FreeSync2, Black, CMI-GM34-CW2-US",,$671.26,0%,No reviews,0,https://www.amazon.ca/Cooler-Master-Ultra-WQHD-3440x1440-CMI-GM34-CW2-US/dp/B09TLDTLLT/ref=sr_1_105?keywords=4k+monitor&qid=1654371673&sr=8-105
"LG UltraGear 34GP950G-B 34 Inch 21:9 QHD Curved Nano IPS Gaming Monitor 1ms 144Hz (Overclock 180Hz) NVIDIA G-SYNC, Ultimate Black","$1,649.99","$1,249.99",-24.24%,4.2 out of 5 stars,45,https://www.amazon.ca/LG-UltraGear-34GP950G-B-Inch-Overclock/dp/B097QF8CP3/ref=sr_1_106?keywords=4k+monitor&qid=1654371673&sr=8-106
"LG UltraWide 34WL750-B 34 Inch 21:9 WQHD 5ms 60Hz IPS 3-Side Virtually Borderless Monitor, AMD FreeSync, Black",,$729.99,0%,4.8 out of 5 stars,34,https://www.amazon.ca/LG-UltraWide-34WL75C-B-Curved-Borderless/dp/B07YNX7RQJ/ref=sr_1_107?keywords=4k+monitor&qid=1654371673&sr=8-107
"BenQ 24 inch Hassle-Free Color Accuracy Photography Monitor, Professional, 1920x1200, IPS, 99% Adobe RGB, Hardware - SW240",,$449.99,0%,4.4 out of 5 stars,790,https://www.amazon.ca/BenQ-Accuracy-Photography-Professional-1920x1200/dp/B07CCQGFFG/ref=sr_1_108?keywords=4k+monitor&qid=1654371673&sr=8-108
"LG 24MK600M-B 24'' Full HD (1920 x 1080) IPS Display with 3-Side Virtually Borderless Design and Radeon FreeSync Technology and Dual HDMI, Black",,$208.98,0%,4.6 out of 5 stars,755,https://www.amazon.ca/LG-24MK600M-B-Monitor-Radeon-FreeSync/dp/B07JGL19WK/ref=sr_1_109?keywords=4k+monitor&qid=1654371673&sr=8-109
"ViewSonic Elite XG320Q 32 Inch 1440p 0.5ms 175Hz Gaming Monitor with GSYNC Compatible, HDR600, 99% AdobeRGB, HDMI, DisplayPort and Advanced Ergonomics for Esports",$912.83,$866.68,-5.06%,4.5 out of 5 stars,153,https://www.amazon.ca/ViewSonic-XG320Q-Compatible-DisplayPort-Ergonomics/dp/B094RJ5ZT2/ref=sr_1_110?keywords=4k+monitor&qid=1654371673&sr=8-110
"SAMSUNG Odyssey G55A Series 32-Inch WQHD (2560x1440) Curved Gaming Monitor, 165Hz, 1ms, HDMI, DisplayPort, FreeSync, HDR10 (LS32AG550ENXZA), Black",,$549.99,0%,4.3 out of 5 stars,9,https://www.amazon.ca/SAMSUNG-2560x1440-DisplayPort-FreeSync-LS32AG550ENXZA/dp/B09TMJ9LGR/ref=sr_1_111?keywords=4k+monitor&qid=1654371673&sr=8-111
"BenQ ZOWIE XL2746K 27"" Gaming Monitor 240Hz | DyAc+ | Color Vibrance | Black eQualizer for Competitive Edge | Enhanced Height, Tilt and Base Adjustment | XL Setting to Share | S-Switch | Shield | VESA",$799.99,$749.98,-6.25%,4.0 out of 5 stars,10,https://www.amazon.ca/BenQ-Zowie-XL2746K-Gaming-Monitor/dp/B096N3W6QG/ref=sr_1_112?keywords=4k+monitor&qid=1654371673&sr=8-112
"Asus TUF Gaming VG32VQ 31.5"" 16:9 Curved 144 Hz HDR Adaptive-Sync LCD Gaming Monitor",$488.99,$459.98,-5.93%,4.6 out of 5 stars,825,https://www.amazon.ca/Asus-Gaming-VG32VQ-31-5-Adaptive-Sync/dp/B07VFKSGRW/ref=sr_1_113?keywords=4k+monitor&qid=1654371673&sr=8-113
"HP 27 inch 4k IPS LED 4K UHD FreeSync Monitor | Wireless, U27, Natural Silver",,$378.10,0%,4.7 out of 5 stars,6,https://www.amazon.ca/HP-FreeSync-Monitor-Wireless-Natural/dp/B08G5T6PXV/ref=sr_1_114?keywords=4k+monitor&qid=1654371673&sr=8-114
"Planar Helium PCT2235 Touch Screen 22"" LED LCD Full HD Resolution Monitor with Helium Stand,Black",,$399.70,0%,4.4 out of 5 stars,744,https://www.amazon.ca/Planar-Helium-PCT2235-Resolution-Monitor/dp/B01E06JSI4/ref=sr_1_115?keywords=4k+monitor&qid=1654371673&sr=8-115
"LG 27UP600-W 27"" 4K UHD IPS Monitor, DCI-P3 95%, 5ms (GTG), HDMI, VESA DisplayHDR 400, AMD FreeSync, Black Stabilizer, OnScreen Control, Reader Mode, White",,$500.00,0%,5.0 out of 5 stars,4,https://www.amazon.ca/LG-27UP600-W-DisplayHDR-FreeSync-Stabilizer/dp/B09S1YR46Y/ref=sr_1_116?keywords=4k+monitor&qid=1654371673&sr=8-116
"Acer Nitro 28"" Gaming Monitor, HDMI 2.1, 4K, 3840x2160 @ 144Hz, 1MS, Speakers,XV282K Kvbmiipruzx (Renewed)",$899.00,$849.00,-5.56%,5.0 out of 5 stars,2,https://www.amazon.ca/Acer-Monitor-3840x2160-Speakers-Kvbmiipruzx/dp/B09BG11FY2/ref=sr_1_121?keywords=4k+monitor&qid=1654371673&sr=8-121
ASUS ROG Strix XG248Q 23.8” Full HD 1080p 240Hz 1ms Eye Care G-SYNC Compatible FreeSync Esports Gaming Monitor with DP Dual HDMI,$467.66,$355.87,-23.9%,4.5 out of 5 stars,270,https://www.amazon.ca/XG248Q-FreeSync-Esports-Gaming-Monitor/dp/B07GR9VXBF/ref=sr_1_122?keywords=4k+monitor&qid=1654371673&sr=8-122
"PTVDISPLAY Portable Monitor, 15.6 inch IPS 1080P Laptop Screen Extender, Travel Gaming External Monitor with Smart/Speakers for Laptop PC Phones and Gaming Mac Xbox PS4 Switch. (Black, 15.6 inch)",$309.00,$252.00,-18.45%,4.0 out of 5 stars,74,https://www.amazon.ca/PTVDISPLAY-Portable-Extender-External-Speakers/dp/B09BJX5CDR/ref=sr_1_123?keywords=4k+monitor&qid=1654371673&sr=8-123
Pixio PX243 24 inch 165Hz (144Hz Supported) 1ms MPRT VA FHD 1080p AMD Radeon FreeSync Esports Gaming Monitor,,$199.99,0%,4.2 out of 5 stars,48,https://www.amazon.ca/PX243-Supported-FreeSync-Esports-Monitor/dp/B09QW2G35J/ref=sr_1_124?keywords=4k+monitor&qid=1654371673&sr=8-124
"ASUS ROG Swift 32” 4K HDR 144Hz DSC Gaming Monitor (PG32UQX) - UHD (3840 x 2160), Mini-LED IPS, G-SYNC Ultimate, Local dimming, Quantum Dot Technology, DisplayHDR 1400, Eye Care, DisplayPort, HDMI",,"$3,999.99",0%,4.3 out of 5 stars,230,https://www.amazon.ca/Swift-144Hz-Gaming-Monitor-PG32UQX/dp/B09568W9GS/ref=sr_1_126?keywords=4k+monitor&qid=1654371673&sr=8-126
ASUS TUF Gaming VG27AQ 27” G-SYNC Gaming Monitor 165Hz 1440p 1ms IPS Eye Care DP HDM,$454.81,$409.99,-9.85%,4.5 out of 5 stars,"16,521",https://www.amazon.ca/Gaming-VG27AQ-G-SYNC-Monitor-155Hz/dp/B07WQ4FXY9/ref=sr_1_127?keywords=4k+monitor&qid=1654371673&sr=8-127
"LG Ultragear 27GL83A-B 27 inch 16:9 QHD IPS 144Hz 1ms NVIDIA G-SYNC Compatible Gaming Monitor, Black",,$499.99,0%,4.6 out of 5 stars,"10,798",https://www.amazon.ca/LG-27GL83A-B-27-Inch-Led-Lit-14700510/dp/B07YGZL8XF/ref=sr_1_128?keywords=4k+monitor&qid=1654371673&sr=8-128
"Cooler Master GP27-FUS 27'' 4K WUHD 3840x2160 QD Tech IPS PC Gaming Monitor, HDR1000, FreeSync/G-Sync, 160Hz. 1ms (MPRT)/2ms (GTG), 98percent DCI-P3, Tilt & Swivel Adjustment, Black, CMI-GP27-FUS-US",,"$1,405.02",0%,No reviews,0,https://www.amazon.ca/Cooler-Master-GP27-FUS-27-3840x2160-QD-CMI-GP27-FUS-US/dp/B09Z6HV9LF/ref=sr_1_130?keywords=4k+monitor&qid=1654371673&sr=8-130
"ASUS ROG Swift 27” 1440P Gaming Monitor (PG279QM) - WQHD (2560 x 1440), Fast IPS, 240Hz, 1ms, G-SYNC, NVIDIA Reflex Latency Analyzer, DisplayHDR400, Eye Care, HDMI, DisplayPort, USB, Height Adjustable","$1,149.99",$999.99,-13.04%,4.5 out of 5 stars,88,https://www.amazon.ca/Asus-PG279QM/dp/B08LCNWQWL/ref=sr_1_131?keywords=4k+monitor&qid=1654371673&sr=8-131
MSI Full WQHD Anti-Glare 1ms 2560 x 1440 165Hz Refresh Rate HDR Ready USB/DP/HDMI 31.5” Monitor (Optix MAG321QR),,$540.17,0%,4.0 out of 5 stars,11,https://www.amazon.ca/MSI-Anti-Glare-Refresh-Optix-MAG321QR/dp/B09GWDQK2N/ref=sr_1_132?keywords=4k+monitor&qid=1654371673&sr=8-132
Philips P-line 329P1H LED Monitor 4K 32 inch,,$801.32,0%,No reviews,0,https://www.amazon.ca/Philips-P-line-329P1H-Monitor-inch/dp/B0B12HM2G3/ref=sr_1_133?keywords=4k+monitor&qid=1654371673&sr=8-133
"HUAWEI MateView GT 34'' Ultrawide Curved Gaming Monitor, 165Hz, 21:9 WQHD 3440 x 1440, 3K+, 1500R, Dual 5W Speaker SoundBar, Touch Volume Control, 360° Dual Mics, USB-C, HDMI, DP, Black",$748.99,$678.99,-9.35%,4.4 out of 5 stars,45,https://www.amazon.ca/HUAWEI-MateView-Ultrawide-Curved-Monitor/dp/B09PQ75LYY/ref=sr_1_134?keywords=4k+monitor&qid=1654371673&sr=8-134
"Sceptre Technologies, Inc 4K IPS 27"" 3840 x 2160 UHD Monitor up to 70Hz DisplayPort HDMI 99% sRGB Build-in Speakers, Black 2021 (U275W-UPT)",,$410.64,0%,4.4 out of 5 stars,92,https://www.amazon.ca/Sceptre-Technologies-Inc-DisplayPort-U275W-UPT/dp/B098HQ8YRX/ref=sr_1_136?keywords=4k+monitor&qid=1654371673&sr=8-136
"HP V28 4K Computer Monitor 28"" Diagonal Display 3840 x 2160 at 60 Hz, and 1ms Response Time AMD Freesync Technology Dual HDMI and DisplayPort Low Blue Light - 8WH57AA#ABA (Renewed)",,$329.05,0%,4.4 out of 5 stars,2,https://www.amazon.ca/HP-Computer-Diagonal-Technology-DisplayPort/dp/B08MXQ4NJ9/ref=sr_1_137?keywords=4k+monitor&qid=1654371673&sr=8-137
"4.3inch HDMI LCD 800x480 IPS Capacitive Touch Screen HDMI Interface Support All Version Raspberry Pi 4B/3B+/3B/2B/Zero/Zero W/Zero WH,Jetson Nano BB Black Banana Pi Windows 10/8.1/8/7",,$64.99,0%,4.0 out of 5 stars,59,https://www.amazon.ca/4-3inch-HDMI-LCD-IPS-Capacitive/dp/B0852NW9FM/ref=sr_1_139?keywords=4k+monitor&qid=1654371673&sr=8-139
"BenQ PD3220U 32 inch 4K UHD IPS Monitor | HDR | AQCOLOR for Color Accuracy | Custom Modes | eye-care Tech | Thunderbolt 3, Grey",,"$1,499.99",0%,4.3 out of 5 stars,222,https://www.amazon.ca/BenQ-32-Inch-Professional-Monitor/dp/B07N4PSVWJ/ref=sr_1_140?keywords=4k+monitor&qid=1654371673&sr=8-140
4K 15.6 Inch UHD Portable Monitor Touchscreen 3840x2160 Auto-Rotating HDR FreeSync USB-C Display with Kickstand Dual Type-C Mini HDMI for PS4 PS5 Xbox Switch Smart Phone Laptop PC,,$584.06,0%,5.0 out of 5 stars,7,https://www.amazon.ca/Portable-Touchscreen-3840x2160-Auto-Rotating-Kickstand/dp/B0936H66MT/ref=sr_1_141?keywords=4k+monitor&qid=1654371673&sr=8-141
"Dell UltraSharp 23.8-inch FHD Infinity Edge Monitor - U2422H, 1920x1080 16:9 with Response time of 8ms, 16.7 Million Colors, Color Gamut 100% sRGB, Tilt, Swivel, Pivot, Height Adjustable",,$457.85,0%,4.2 out of 5 stars,19,https://www.amazon.ca/Dell-UltraSharp-23-8-inch-Infinity-Monitor/dp/B0929QYCQ7/ref=sr_1_142?keywords=4k+monitor&qid=1654371673&sr=8-142
"LILLIPUT 10.1"" FA1016/C IPS FHD 1000:1 HDMI/VGA Supports 4K 30Hz Glass+Glass Technology Monitor (FA1016/C)",,$330.00,0%,No reviews,0,https://www.amazon.ca/LILLIPUT-10-1-FA1016-IPS-1000/dp/B09KMWCWKQ/ref=sr_1_143?keywords=4k+monitor&qid=1654371673&sr=8-143
"BenQ PD3420Q 34” 21:9 Monitor, Video Editing and Graphic Design, WQHD, HDR, P3",,$999.90,0%,4.4 out of 5 stars,19,https://www.amazon.ca/BenQ-PD3420Q-34-21-Monitor/dp/B08655R9L3/ref=sr_1_144?keywords=4k+monitor&qid=1654371673&sr=8-144
"LG 32QN600-B 32-Inch QHD (2560 x 1440) IPS Monitor with HDR 10, AMD FreeSync with Dual HDMI Inputs, Black (Renewed)",$631.06,$349.91,-44.55%,4.3 out of 5 stars,27,https://www.amazon.ca/LG-32QN600-B-32-Inch-Monitor-FreeSync/dp/B08JPDYVN5/ref=sr_1_145?keywords=4k+monitor&qid=1654371673&sr=8-145
"AOC Q32V3S 32"" 2560x1440 2K QHD Monitor, VA Panel, 75Hz Refresh Rate for Casual Gaming, 103% sRGB Coverage, VESA, HDMI/DP Ports Black",,$322.99,0%,4.8 out of 5 stars,68,https://www.amazon.ca/AOC-Q32V3S-2560x1440-Monitor-Coverage/dp/B099P386QD/ref=sr_1_146?keywords=4k+monitor&qid=1654371673&sr=8-146
BenQ GW2283 Eye Care 22 inch IPS 1080p Monitor | Optimized for Home & Office with Adaptive Brightness Technology,$189.98,$164.98,-13.16%,4.7 out of 5 stars,"13,829",https://www.amazon.ca/BenQ-GW2283-Optimized-Brightness-Technology/dp/B07N5MG9LP/ref=sr_1_147?keywords=4k+monitor&qid=1654371673&sr=8-147
"ZSCMALLS Portable Monitor 15.6 Inch Full HD Computer Display USB C Dual Monitor with Speaker, Gaming Monitor for PS3 PS4 Xbox Raspberry pi（Cover Icluded）",,$239.99,0%,4.2 out of 5 stars,22,https://www.amazon.ca/ZSCMALLS-Portable-Computer-Raspberry-pi%EF%BC%88Cover/dp/B08JCLQCGW/ref=sr_1_148?keywords=4k+monitor&qid=1654371673&sr=8-148
"SAMSUNG 32 Inch 4K UHD Monitor, Computer Monitor, Vertical Monitor, HDMI Monitor, USB Port, HDR10 (1 Billion Colors), TUV-Certified Intelligent Eye Care, S80A (LS32A804NMNXGO)",,$550.11,0%,3.9 out of 5 stars,43,https://www.amazon.ca/Samsung-Business-3840x2160-DisplayPort-S32A804NMN/dp/B08X6KFMRL/ref=sr_1_149?keywords=4k+monitor&qid=1654371673&sr=8-149
"ASUS 29” 1080P Ultrawide HDR Monitor (VP299CL) - 21:9 (2560 x 1080), IPS, 75Hz, 1ms, USB-C w/ 15W Power Delivery, FreeSync, Eye Care Plus, HDR-10, VESA Mountable, HDMI, DisplayPort, Height Adjustable",,$349.99,0%,4.5 out of 5 stars,21,https://www.amazon.ca/ASUS-1080P-Ultrawide-Monitor-VP299CL/dp/B09FNTYQ3Q/ref=sr_1_150?keywords=4k+monitor&qid=1654371673&sr=8-150
"LG UltraWide 38WN75C-B 38'' Class 21:9 UltraWide QHD+ HDR IPS Curved Monitor, Black",,"$1,321.22",0%,4.5 out of 5 stars,361,https://www.amazon.ca/LG-UltraWide-38WN75C-B-38-Class/dp/B087YZG5YS/ref=sr_1_151?keywords=4k+monitor&qid=1654371673&sr=8-151
"Dell 32 Monitor - P3222QE - 4K Resolution, IPS Technology USB-C Hub Monitor",,"$1,017.23",0%,4.1 out of 5 stars,11,https://www.amazon.ca/Dell-32-Monitor-Resolution-Technology/dp/B0971ML5MD/ref=sr_1_152?keywords=4k+monitor&qid=1654371673&sr=8-152
"LG UltraWide 38WN75C-B 38'' Class 21:9 UltraWide QHD+ HDR IPS Curved Monitor, Black",,"$1,321.22",0%,4.5 out of 5 stars,361,https://www.amazon.ca/LG-UltraWide-38WN75C-B-38-Class/dp/B087YZG5YS/ref=sr_1_149?keywords=4k+monitor&qid=1654371674&sr=8-149
"Dell 32 Monitor - P3222QE - 4K Resolution, IPS Technology USB-C Hub Monitor",,"$1,017.23",0%,4.1 out of 5 stars,11,https://www.amazon.ca/Dell-32-Monitor-Resolution-Technology/dp/B0971ML5MD/ref=sr_1_150?keywords=4k+monitor&qid=1654371674&sr=8-150
"ViewSonic VX4381-4K 43 Inch Ultra HD MVA 4K Monitor Frameless Widescreen with HDR10 Support, Eye Care, HDMI, USB, DisplayPort for Home and Office",,$964.77,0%,3.8 out of 5 stars,14,https://www.amazon.ca/ViewSonic-VX4381-4K-Frameless-Widescreen-DisplayPort/dp/B097J4J1Z7/ref=sr_1_151?keywords=4k+monitor&qid=1654371674&sr=8-151
"Acer Canada UM.HE3AA.004 ED3 27"" Screen LCD 14700510, White",,$305.77,0%,4.6 out of 5 stars,209,https://www.amazon.ca/Acer-Canada-UM-HE3AA-004-Screen-14700510/dp/B07BKBLSNH/ref=sr_1_152?keywords=4k+monitor&qid=1654371674&sr=8-152
"Samsung LF24T454FQNXGO 24"" Business Monitor with IPS Panel",,$285.90,0%,5.0 out of 5 stars,3,https://www.amazon.ca/Samsung-LF24T454FQNXGO-Business-Monitor-Panel/dp/B08WGLL83S/ref=sr_1_153?keywords=4k+monitor&qid=1654371674&sr=8-153
Dell U-Series 32-Inch Screen LED-Lit Monitor (U3219Q),"$1,205.99","$1,088.87",-9.71%,4.4 out of 5 stars,391,https://www.amazon.ca/Dell-32-Inch-LED-Lit-Monitor-U3219Q/dp/B07HDBD9CM/ref=sr_1_154?keywords=4k+monitor&qid=1654371674&sr=8-154
"Sceptre 35 Inch Curved UltraWide 21: 9 LED Creative Monitor QHD 3440x1440 Frameless AMD Freesync HDMI DisplayPort Up to 100Hz, Machine Black 2020 (C355W-3440UN)",$682.07,$642.00,-5.87%,4.5 out of 5 stars,"3,141",https://www.amazon.ca/Sceptre-C355W-3440UN-Super-Curved-Ultrawide/dp/B0812DKDD9/ref=sr_1_155?keywords=4k+monitor&qid=1654371674&sr=8-155
"AOC C27G2Z 27"" Curved FHD Computer Gaming Monitor, Black",,$324.99,0%,4.7 out of 5 stars,782,https://www.amazon.ca/AOC-C27G2Z-Curved-Computer-Monitor/dp/B088LG2BSW/ref=sr_1_156?keywords=4k+monitor&qid=1654371674&sr=8-156
"ASUS 27” 1080P Video Conference Monitor (BE279QSK) - Full HD, IPS, Built-in Adjustable 2MP Webcam, Mic Array, Speakers, Eye Care, Wall Mountable, Frameless, HDMI, DisplayPort, VGA, Height Adjustable",,$339.99,0%,4.0 out of 5 stars,66,https://www.amazon.ca/1080P-Conference-Monitor-BE279QSK-Built/dp/B0966YMVMB/ref=sr_1_157?keywords=4k+monitor&qid=1654371674&sr=8-157
"ASUS TUF Gaming VG328H1B 32” Curved Monitor, 1080P Full HD, 165Hz (Supports 144Hz), Extreme Low Motion Blur, Adaptive-sync, FreeSync Premium, 1ms, Eye Care, HDMI D-Sub",$419.00,$344.99,-17.66%,4.6 out of 5 stars,"1,322",https://www.amazon.ca/VG328H1B-Monitor-Supports-Adaptive-sync-FreeSync/dp/B087V5RLFB/ref=sr_1_158?keywords=4k+monitor&qid=1654371674&sr=8-158
"ASUS ProArt Display PA248QV 24.1” WUXGA (1920 x 1200) 16:10 Monitor, 100% sRGB/Rec.709 ΔE < 2, IPS, DisplayPort HDMI D-Sub, Calman Verified, Eye Care, Anti-glare, Tilt Pivot Swivel Height Adjustable",,$299.00,0%,4.7 out of 5 stars,813,https://www.amazon.ca/ASUS-ProArt-Display-PA248QV-WUXGA/dp/B088BC5HKF/ref=sr_1_159?keywords=4k+monitor&qid=1654371674&sr=8-159
"ASUS ROG Swift PG329Q 32” Gaming Monitor, 1440P WQHD (2560x1440), Fast IPS, 175Hz (Supports 144Hz), 1ms, G-SYNC Compatible, Extreme Low Motion Blur Sync, Eye Care, HDMI DisplayPort USB, DisplayHDR 600",,$949.99,0%,4.4 out of 5 stars,255,https://www.amazon.ca/PG329Q-2560x1440-Compatible-DisplayPort-DisplayHDR/dp/B08GL66PK4/ref=sr_1_160?keywords=4k+monitor&qid=1654371674&sr=8-160
"ASUS TUF Gaming VG27WQ 27” Curved Monitor, 1440P WQHD (2560 x 1440), 165Hz, Adaptive-sync, Freesync™ Premium, Extreme Low Motion Blur (ELMB), 1ms, 400 nits, DisplayHDR™ 400, DisplayPort and HDMI",$429.98,$408.98,-4.88%,4.5 out of 5 stars,20,https://www.amazon.ca/VG27WQ-Monitor-FreeSync-DisplayHDR-Speakers/dp/B085HP999M/ref=sr_1_161?keywords=4k+monitor&qid=1654371674&sr=8-161
Dell 65-Inch 4K Interactive Touch Monitor [C6522QT],,"$5,265.71",0%,No reviews,0,https://www.amazon.ca/Dell-65-Inch-Interactive-Monitor-C6522QT/dp/B091SFZBKH/ref=sr_1_162?keywords=4k+monitor&qid=1654371674&sr=8-162
"ASUS ZenScreen 15.6” Portable USB Monitor (MB165B) - HD (1366 x 768), Narrow Bezel, Micro USB, USB-Powered, Tripod Mountable, Anti-Glare Surface, Protective Sleeve, BLACK",,$174.99,0%,3.5 out of 5 stars,282,https://www.amazon.ca/ASUS-ZenScreen-Portable-Monitor-MB165B/dp/B09FNVF8DF/ref=sr_1_163?keywords=4k+monitor&qid=1654371674&sr=8-163
"ViewSonic VP3268a-4K 32 Inch Premium IPS 4K Monitor with Advanced Ergonomics, ColorPro 100% sRGB Rec 709, 14-bit 3D LUT, Eye Care, HDR10 Support, HDMI, USB C, DisplayPort for Professional Home Office",,"$1,259.54",0%,4.3 out of 5 stars,13,https://www.amazon.ca/ViewSonic-VP3268a-4K-Ergonomics-DisplayPort-Professional/dp/B08TZVQBT5/ref=sr_1_164?keywords=4k+monitor&qid=1654371674&sr=8-164
Dell 27 Inch Monitor SE2722H LED-Backlit LCD Full HD Monitor HDMI VESA Mount AMD FreeSync Comfortview,,$279.98,0%,4.4 out of 5 stars,15,https://www.amazon.ca/Dell-Monitor-LED-Backlit-FreeSync-Comfortview/dp/B0971NV35G/ref=sr_1_169?keywords=4k+monitor&qid=1654371674&sr=8-169
27In Ultrasharp 4K Premiercolor,,"$2,106.80",0%,4.3 out of 5 stars,9,https://www.amazon.ca/Dell-UltraSharp-PremierColor-Monitor-UP2720Q/dp/B084FTTMQH/ref=sr_1_170?keywords=4k+monitor&qid=1654371674&sr=8-170
GEEKPC 8.2'' IPS Portable Monitor 1280X800 60HZ 450 cd/m² High Brightess Small HD Screen VGA HDMI Monitor PC Game Monitors Metal Shell Stand VESA Two Built-in Speakers Industrial Grade LCD Monitor,,$139.99,0%,No reviews,0,https://www.amazon.ca/GEEKPC-Portable-1280X800-Brightess-Industrial/dp/B09Z6PPMM6/ref=sr_1_171?keywords=4k+monitor&qid=1654371674&sr=8-171
"LG UltraGear 27GN950-B 27 Inch 4K UHD Nano IPS 1ms 144Hz Gaming Monitor G-SYNC Compatible, Black",,"$1,098.00",0%,4.4 out of 5 stars,697,https://www.amazon.ca/LG-UltraGearTM-27GN950-B-G-SYNC%C2%AE-Compatible/dp/B08BCRYS6B/ref=sr_1_172?keywords=4k+monitor&qid=1654371674&sr=8-172
"MSI MPG ARTYMIS 343CQR 1000R Curvature 21:9 Aspect Ratio Anti-Glare Super Narrow Bezel 1ms 3440 x 1440 (UWQHD) 165Hz Refresh Rate Tilt/Swivel/Height Adjustment 34"" AMD Freesync Gaming Curved Monitor","$1,034.99",$939.99,-9.18%,4.6 out of 5 stars,43,https://www.amazon.ca/MSI-MPG-ARTYMIS-343CQR-Curvature/dp/B08NT54XWZ/ref=sr_1_173?keywords=4k+monitor&qid=1654371674&sr=8-173
"MSI Optix G32CQ4 31.5in, QHD, 165Hz, 1ms, Curved Gaming Monitor, Black",,$429.99,0%,4.4 out of 5 stars,254,https://www.amazon.ca/MSI-Optix-G32CQ4-31-5in-Monitor/dp/B08CG2Y55P/ref=sr_1_174?keywords=4k+monitor&qid=1654371674&sr=8-174
"LG 24GN600-B Frameless Gaming Monitor, 23.8 Inches, Full HD, IPS, 144 Hz, 1 ms (GtoG), FreeSync Premium, HDR, HDMI x 2, DP (Renewed)",,$216.65,0%,No reviews,0,https://www.amazon.ca/LG-24GN600-B-Frameless-Monitor-FreeSync/dp/B097NN8HSP/ref=sr_1_175?keywords=4k+monitor&qid=1654371674&sr=8-175
"ASUS ZenScreen 15.6” 1080P Portable USB Monitor (MB166C) - Full HD, IPS, USB Type-C, USB-Powered, Flicker Free, Blue Light Filter, Tripod Mountable, Anti-Glare Surface, Protective Sleeve",,$247.99,0%,4.4 out of 5 stars,24,https://www.amazon.ca/ZenScreen-1080P-Portable-Monitor-MB166C/dp/B09MZQ978N/ref=sr_1_176?keywords=4k+monitor&qid=1654371674&sr=8-176
"LG 27GP750-B 27” Ultragear FHD (1920 x 1080) IPS Gaming Monitor w/ 1ms Response Time & 240Hz Refresh Rate, NVIDIA G-SYNC Compatible with AMD FreeSync Premium, Thin Bezel, Tilt/Height/Pivot Adjustable",,$358.00,0%,4.7 out of 5 stars,290,https://www.amazon.ca/LG-27GP750-B-Ultragear-Compatible-Adjustable/dp/B09D914618/ref=sr_1_177?keywords=4k+monitor&qid=1654371674&sr=8-177
"Lenovo L24q-30 23.8-inch QHD (2560 x 1440) LED Backlit IPS Monitor, FreeSync, Widescreen, 3-Side Narrow Bezels, 75Hz, 4ms, HDMI, DP, Title, VESA Mount, 65FBGCC1US, Raven Black",,$302.08,0%,4.3 out of 5 stars,33,https://www.amazon.ca/Lenovo-L24q-30-23-8-inch-Widescreen-65FBGCC1US/dp/B089FJS412/ref=sr_1_178?keywords=4k+monitor&qid=1654371674&sr=8-178
"C-FORCE 4K Computer Monitor，15.6"" IPS UHD 3840x2160 Screen 60Hz with USB-C RadomPlug Monitor[99% sRGB Wide Color Gamut] for Xbox, Playstation, Nintendo Switch, Mac, S20",,$435.99,0%,4.0 out of 5 stars,32,https://www.amazon.ca/Computer-Monitor%EF%BC%8C15-6-3840x2160-RadomPlug-Playstation/dp/B08TH8BGN2/ref=sr_1_179?keywords=4k+monitor&qid=1654371674&sr=8-179
"Dell P3221D 32 Inch 1440p QHD, IPS Ultra-Thin Bezel Monitor, HDMI, DisplayPort, USB-C, VESA Certified, Black",,$649.99,0%,4.7 out of 5 stars,3,https://www.amazon.ca/Dell-P3221D-Ultra-Thin-DisplayPort-Certified/dp/B08JQSMV4G/ref=sr_1_180?keywords=4k+monitor&qid=1654371674&sr=8-180
"ASUS ZenScreen MB16ACE 15.6” Portable USB Type-C Monitor Full HD (1920 x 1080) IPS Eye Care with Lite Smart Case External screen for laptop,Dark gray",,$340.91,0%,4.6 out of 5 stars,912,https://www.amazon.ca/ZenScreen-MB16ACE-Portable-Monitor-External/dp/B081SGZX1X/ref=sr_1_181?keywords=4k+monitor&qid=1654371674&sr=8-181
"Sceptre Curved 27"" LED Monitor HDMI VGA up to 75Hz Build-in Speakers, Edgeless Machine Black 2021 (C278W-1920RN)",,$271.24,0%,4.6 out of 5 stars,513,https://www.amazon.ca/Sceptre-Monitor-Speakers-Edgeless-C278W-1920RN/dp/B08FM2MXZC/ref=sr_1_182?keywords=4k+monitor&qid=1654371674&sr=8-182
"LG 29WN600-W 29"" 21:9 UltraWide WFHD IPS HDR1 0 Monitor with FreeSync",$349.00,$319.99,-8.31%,4.6 out of 5 stars,"2,321",https://www.amazon.ca/LG-29WN600-W-29-21-UltraWide/dp/B0876DBCBX/ref=sr_1_183?keywords=4k+monitor&qid=1654371674&sr=8-183
HKC 27'' 240Hz Curved 1MS Frameless 1800R 1080P Gaming Monitor DP HDMI Cable Support PS5 CS GO,,$348.99,0%,5.0 out of 5 stars,3,https://www.amazon.ca/HKC-Curved-Frameless-Monitor-Support/dp/B09K36TH12/ref=sr_1_184?keywords=4k+monitor&qid=1654371674&sr=8-184
HP Pavilion 32 QHD 32-inch Display (4WH45AA),,$473.19,0%,4.3 out of 5 stars,118,https://www.amazon.ca/Hewlett-HP-Pavilion-32-14700510/dp/B07PDMYM5K/ref=sr_1_185?keywords=4k+monitor&qid=1654371674&sr=8-185
"CAMWORLD Portable Monitor,15.6inIPS Screen Full HD 1080P 100% sRGB Computer Display with Mini HDMI Dual Type-C Speakers for Laptop PC MAC Phone PS4 Xbox with Smart Case",$209.99,$199.99,-4.76%,3.9 out of 5 stars,24,https://www.amazon.ca/CAMWORLD-Portable-15-6inIPS-Computer-Speakers/dp/B09K7KYT6H/ref=sr_1_186?keywords=4k+monitor&qid=1654371674&sr=8-186
"InnoView Portable Monitor 4K Touchscreen - 14 Inch Auto-Rotating Freesync Touch Screen Monitor, Ultra-Slim Second Screen Frameless Bezel Glass Hd UHD IPS 3840x2160 Dual USB C Laptop Monitor.",,$481.71,0%,4.1 out of 5 stars,53,https://www.amazon.ca/Innoview-Portable-Monitor-Touchscreen-Auto-Rotating/dp/B08R9TSCL9/ref=sr_1_187?keywords=4k+monitor&qid=1654371674&sr=8-187
"LG 32UN880-B 32"" UltraFine Display Ergo UHD 4K IPS Display with HDR 10 Compatibility and USB Type-C Connectivity, Black (Renewed)",,$741.15,0%,4.0 out of 5 stars,37,https://www.amazon.ca/LG-32UN880-B-UltraFine-Compatibility-Connectivity/dp/B08LLCD3WC/ref=sr_1_188?keywords=4k+monitor&qid=1654371674&sr=8-188
MSI Modern MD241P 24” IPS FHD (1920 x 1080) Non-Glare with Super Narrow Bezel 75Hz 5ms 16:9 with Adjustable Stand - 1x USB Type C,,$219.99,0%,4.0 out of 5 stars,16,https://www.amazon.ca/MSI-Modern-MD241P-Non-Glare-Narrow/dp/B096H8SZ6V/ref=sr_1_190?keywords=4k+monitor&qid=1654371674&sr=8-190
"INNOCN 15.6"" Portable Monitor Touchscreen 4K UHD 2160P USB C HDMI External Gaming Monitor Second Computer Display Travel Portable Laptop Monitor, 100% sRGB, Full-Lamination, Narrow Bezel, Freestanding",,$449.99,0%,3.5 out of 5 stars,2,https://www.amazon.ca/INNOCN-Portable-Touchscreen-Full-Lamination-Freestanding/dp/B09P7YPFVW/ref=sr_1_191?keywords=4k+monitor&qid=1654371674&sr=8-191
BenQ MOBIUZ EX2710Q 27 Inch QHD 165Hz IPS Gaming Monitor,,$439.99,0%,4.5 out of 5 stars,21,https://www.amazon.ca/BenQ-MOBIUZ-EX2710Q-Gaming-Monitor/dp/B09C2TD9T4/ref=sr_1_192?keywords=4k+monitor&qid=1654371674&sr=8-192
"23.6"" ACER Gaming Curved Monitor Nitro XZ2/Radeon FreeSync/Blazingly Fast 144Hz Refresh rate/1500R Curvature and VESA Certified DisplayHDR™ 400 with Speaker! (Renewed)",,$239.00,0%,4.4 out of 5 stars,75,https://www.amazon.ca/FreeSync-Blazingly-Curvature-Certified-DisplayHDRTM/dp/B08GV7HJHD/ref=sr_1_193?keywords=4k+monitor&qid=1654371674&sr=8-193
"Neewer FW600 5.5-Inch Touch Screen Camera Field Monitor Full HD 1920x1080, 4K HDMI DC in/Output Waveform/Vector Scope/3D-LUT, Support Canon Sony Nikon Panasonic Fujifilm Camera (Battery Not Included)",,$249.99,0%,4.0 out of 5 stars,148,https://www.amazon.ca/5-5-Inch-1920x1080-Waveform-Panasonic-Fujifilm/dp/B08FDKLG76/ref=sr_1_194?keywords=4k+monitor&qid=1654371674&sr=8-194
"SunFounder 13.3inch IPS Display 1920x1080 Resolution Portable Monitor for Raspberry Pi PS3 PS4 Gaming Screen with Speakers and Hdmi,USB Power,Supports Windows 7/8/10 and Linux",,$199.99,0%,3.8 out of 5 stars,79,https://www.amazon.ca/SUNFOUNDER-13-3inch-1920x1080-Resolution-Raspberry/dp/B07P71LX3F/ref=sr_1_196?keywords=4k+monitor&qid=1654371674&sr=8-196
"ASUS 27” 1080P Monitor (VZ27EHE) - Full HD, IPS, 75Hz, 1ms, Adaptive-Sync/FreeSync, Low Blue Light, Flicker Free, Ultra-Slim, VESA Mountable, Frameless, HDMI, VGA",,$243.97,0%,4.3 out of 5 stars,48,https://www.amazon.ca/ASUS-1080P-Monitor-VZ27EHE-Adaptive-Sync/dp/B09D7BDNLZ/ref=sr_1_197?keywords=4k+monitor&qid=1654371674&sr=8-197
"Sceptre Curved 32-inch Gaming Monitor up to 185Hz DisplayPort 165Hz 144Hz HDMI AMD FreeSync Build-in Speakers, Machine Black (C325B-185RD)",,$369.61,0%,4.7 out of 5 stars,"3,175",https://www.amazon.ca/Sceptre-C325B-185RD-1920x1080-FreeSync-DisplayPort/dp/B082GTFJB5/ref=sr_1_198?keywords=4k+monitor&qid=1654371674&sr=8-198
"ASUS ROG Swift PG43UQ 43” 4K HDR DSC Gaming Monitor, (3840 x 2160), 144Hz, G-SYNC Compatible, 1ms, Eye Care, DisplayHDR 1000, DisplayPort HDMI USB, Aura Sync",,"$1,449.99",0%,3.9 out of 5 stars,154,https://www.amazon.ca/PG43UQ-Monitor-Compatible-DisplayHDR-DisplayPort/dp/B084F3T553/ref=sr_1_199?keywords=4k+monitor&qid=1654371674&sr=8-199
"Acer KB272HL Hbi 27” Full HD (1920 x 1080) Monitor with AMD Radeon FREESYNC Technology, 75Hz, 1ms (VRB) (HDMI Port 1.4 & VGA Port), Black",,$233.13,0%,4.7 out of 5 stars,867,https://www.amazon.ca/Acer-KB272HL-Hbi-FREESYNC-Technology/dp/B08JND1WWC/ref=sr_1_197?keywords=4k+monitor&qid=1654371676&sr=8-197
ViewSonic VG2860MHL-4K 28 Inch 4K UHD Ergonomic Monitor with HDMI and DisplayPort for Home and Office,,$612.61,0%,4.2 out of 5 stars,58,https://www.amazon.ca/ViewSonic-VG2860MHL-4K-Ergonomic-Monitor-DisplayPort/dp/B00SHZSWC8/ref=sr_1_198?keywords=4k+monitor&qid=1654371676&sr=8-198
LG Electronics 27-Inch Screen LCD Monitor (27BK67U-B),,$632.29,0%,3.9 out of 5 stars,9,https://www.amazon.ca/LG-Electronics-27-Inch-Monitor-27BK67U-B/dp/B07JMZXRYM/ref=sr_1_200?keywords=4k+monitor&qid=1654371676&sr=8-200
"Samsung 32"" Class CR50 Curved Full HD Monitor - 60Hz Refresh - 4ms Response Time - LC32R502FHNXZA",,$317.20,0%,4.7 out of 5 stars,173,https://www.amazon.ca/Samsung-Class-CR50-Curved-Monitor/dp/B08CXD9TFZ/ref=sr_1_201?keywords=4k+monitor&qid=1654371676&sr=8-201
"Portable Monitor-15.8inch 1080P Portable Monitor for Laptop, Computer Monitor Second Screen HDMI Portable Display Gaming Monitor with Leather Smart Cover, External Monitor for Laptop PC Mac Phone PS4 Xbox Switch(15.8-1080)",,$249.99,0%,4.5 out of 5 stars,2,https://www.amazon.ca/Portable-Monitor-15-8inch-Computer-External-15-8-1080/dp/B09X2FCBH8/ref=sr_1_202?keywords=4k+monitor&qid=1654371676&sr=8-202
"Asus TUF Gaming VG279QM 27in 280Hz Fast IPS Gaming Monitor w/G-SYNC?, ELMB-SYNC, DisplayHDR400, Shadow Boost,BLACK",,$429.99,0%,4.5 out of 5 stars,"1,149",https://www.amazon.ca/Asus-VG279QM-Monitor-ELMB-SYNC-DisplayHDR400/dp/B0845QFDVM/ref=sr_1_203?keywords=4k+monitor&qid=1654371676&sr=8-203
"Samsung Business QE65T 65-inch 4K UHD 3840x2160 LED Commercial Signage Display, HDMI, USB, Speakers, 3-Yr Warranty, 16/7 Operation, 300 nit (LH65QETEPGCXGO), Black",,"$1,301.08",0%,3.8 out of 5 stars,14,https://www.amazon.ca/Samsung-Business-QE65T-Commercial-LH65QETEPGCXGO/dp/B08DQ13XWJ/ref=sr_1_204?keywords=4k+monitor&qid=1654371676&sr=8-204
Philips Monitors Full HD LCD Monitor 243V7QJAB 24-Inch Screen LCD 14700510,,$214.89,0%,4.5 out of 5 stars,103,https://www.amazon.ca/Philips-Monitors-243V7QJAB-10M-1-Speakers/dp/B0746M33R7/ref=sr_1_205?keywords=4k+monitor&qid=1654371676&sr=8-205
"C-FORCE CF015 Next 15.6"" 4K HDR OLED Ultra-Slim Portable Monitor/Game Display, for Photo Editing with 4K, 100% DCI-P3, 100000:1, USB-C External Monitor for Laptop,PC,Phone,Consoles,PS4,PS5,Switch",,$911.88,0%,No reviews,0,https://www.amazon.ca/C-FORCE-CF015-Ultra-Slim-Portable-Monitor/dp/B09Z1ZG498/ref=sr_1_206?keywords=4k+monitor&qid=1654371676&sr=8-206
"ViewSonic VP2780-4K 27"" 4K Monitor with 10-bit Color Processing and Preset EBU and Gamma Corrections for Photography and Graphic Design",,$772.65,0%,4.1 out of 5 stars,115,https://www.amazon.ca/ViewSonic-VP2780-4K-Processing-Corrections-Photography/dp/B00SHZSXVI/ref=sr_1_207?keywords=4k+monitor&qid=1654371676&sr=8-207
"Samsung 27 inch S80UA 4K UHD (3840x2160) High Resolution Monitor (HDMI, USB-C, USB, Display Port), HDR10, TUV Certified Intelligent Eye Care (LS27A800UJNXGO) (Renewed)",$574.75,$479.99,-16.49%,No reviews,0,https://www.amazon.ca/Samsung-3840x2160-Resolution-Intelligent-LS27A800UJNXGO/dp/B098TP45GQ/ref=sr_1_209?keywords=4k+monitor&qid=1654371676&sr=8-209
Waveshare 7inch HDMI LCD (H) (with case) 1024x600 Resolution Monitor IPS Capacitive Touch Screen with Toughened Glass Cover Supports Pi 4 B/Jetson Nano,,$117.99,0%,4.1 out of 5 stars,773,https://www.amazon.ca/7inch-HDMI-LCD-Resolution-Capacitive/dp/B077PLVZCX/ref=sr_1_210?keywords=4k+monitor&qid=1654371676&sr=8-210
"Dell U4320Q UltraSharp 43-Inch 4K USB-C Monitor, with 3-Year Next Business Day Warranty [U4320Q], Black",,"$1,241.23",0%,4.5 out of 5 stars,142,https://www.amazon.ca/Dell-U4320Q-UltraSharp-Business-Warranty/dp/B084LB7RN2/ref=sr_1_211?keywords=4k+monitor&qid=1654371676&sr=8-211
MSI QHD 16:9 Anti-Glare 5ms 2560 x 1440 75Hz Refresh Rate USB/DP/HDMI VESA-Mount Supported 27” Tilt/Swivel/Height Adjustable IPS Monitor (Modern MD271QPW),$349.99,$329.99,-5.71%,4.4 out of 5 stars,10,https://www.amazon.ca/MSI-QHD-Anti-Glare-VESA-Mount-Adjustable/dp/B09FSNG22H/ref=sr_1_212?keywords=4k+monitor&qid=1654371676&sr=8-212
"ASUS ROG Strix 27” 2K HDR Gaming Monitor (XG27AQM) - WQHD (2560 x 1440), Fast IPS, 270Hz, 0.5ms, Extreme Low Motion Blur Sync, G-SYNC Compatible, DisplayHDR 400, Eye Care, DisplayPort, HDMI, USB 3.0",,$938.98,0%,4.5 out of 5 stars,130,https://www.amazon.ca/ASUS-Strix-Gaming-Monitor-XG27AQM/dp/B0966ZJBQY/ref=sr_1_217?keywords=4k+monitor&qid=1654371676&sr=8-217
"LG UltraWide 34WP500-B 34 Inch Full HD 5ms 75Hz IPS Wide Monitor, AMD FreeSync, Black",$449.99,$399.98,-11.11%,4.2 out of 5 stars,39,https://www.amazon.ca/LG-UltraWide-34WP500-B-Monitor-FreeSync/dp/B092RFGG5T/ref=sr_1_218?keywords=4k+monitor&qid=1654371676&sr=8-218
"Sceptre 24-Inch Curved 144Hz Gaming LED Monitor Edge-Less AMD FreeSync DisplayPort HDMI, Machine Black (C248B-144RN)",,$272.91,0%,4.4 out of 5 stars,153,https://www.amazon.ca/Sceptre-Edge-Less-FreeSync-DisplayPort-C248B-144RN/dp/B07MTMCNLX/ref=sr_1_219?keywords=4k+monitor&qid=1654371676&sr=8-219
Sceptre IPS 24-Inch Computer LED Monitor 1920x1080 1080p HDMI VGA up to 75Hz 300 Lux Build-in Speakers 2021 Black (E249W-FPT),$222.26,$205.72,-7.44%,4.5 out of 5 stars,217,https://www.amazon.ca/Sceptre-Computer-1920x1080-Speakers-E249W-FPT/dp/B092XF3W9T/ref=sr_1_220?keywords=4k+monitor&qid=1654371676&sr=8-220
"GIGABYTE G24F 24"" 165Hz 1080P Gaming Monitor, 1920 x 1080 IPS Display, 1ms (MPRT) Response Time, 90% DCI-P3, FreeSync Premium, 1x Display Port 1.2, 2X HDMI 2.0, 2X USB 3.0",$279.74,$261.26,-6.61%,4.6 out of 5 stars,10,https://www.amazon.ca/GIGABYTE-Monitor-Display-Response-FreeSync/dp/B096YGM2WS/ref=sr_1_221?keywords=4k+monitor&qid=1654371676&sr=8-221
HKC 24'' Gaming 144Hz Frameless 1080P 1800R Full HD Free-Sync Curved Monitor Vesa Mount 2 Year Warranty HDMI DP,,$239.99,0%,3.9 out of 5 stars,210,https://www.amazon.ca/HKC-Gaming-Curved-Monitor-Warranty/dp/B07DJ4DS6B/ref=sr_1_222?keywords=4k+monitor&qid=1654371676&sr=8-222
ViewSonic TD2230 22 Inch 1080p 10-Point Multi Touch Screen IPS Monitor with HDMI and DisplayPort,$429.09,$370.06,-13.76%,4.2 out of 5 stars,208,https://www.amazon.ca/ViewSonic-TD2230-10-Point-Monitor-DisplayPort/dp/B01DKPJVIS/ref=sr_1_223?keywords=4k+monitor&qid=1654371676&sr=8-223
"MSI Optix G273QPF 16:9 Aspect Ratio Anti-Glare Super Narrow Bezel 1ms 2560 x 1440 (QHD) 165Hz Refresh Rate Tilt Adjustment Nvidia G-Sync Compatible 27"" Rapid IPS Gaming Monitor",,$487.39,0%,4.2 out of 5 stars,24,https://www.amazon.ca/MSI-Optix-G273QPF-Anti-Glare-Adjustment/dp/B093T973KX/ref=sr_1_224?keywords=4k+monitor&qid=1654371676&sr=8-224
BenQ EX2780Q 27 Inch QHD 1440p IPS 144Hz Gaming Monitor | HDRi | DCI-P3 | 2.1 Channel Speaker & 5 Watt Sub | Metallic Base,,$439.99,0%,4.4 out of 5 stars,998,https://www.amazon.ca/BenQ-EX2780Q-Monitor-Channel-Metallic/dp/B07X51X3CB/ref=sr_1_225?keywords=4k+monitor&qid=1654371676&sr=8-225
"Alienware 240Hz Gaming Monitor 27 Inch Monitor with FHD (Full HD 1920 x 1080) Display, IPS Technology, 1ms Response Time, Lunar Light - AW2720HF",,$516.98,0%,4.7 out of 5 stars,"1,530",https://www.amazon.ca/Alienware-27-Gaming-Monitor-AW2720HF/dp/B07YQHGC9L/ref=sr_1_226?keywords=4k+monitor&qid=1654371676&sr=8-226
"ANGEL POS 19"" Touch Screen POS TFT LCD TouchScreen Monitor with Metal POS Stand",,$369.99,0%,4.1 out of 5 stars,4,https://www.amazon.ca/ANGEL-POS-Screen-TouchScreen-Monitor/dp/B00G3OBLLO/ref=sr_1_227?keywords=4k+monitor&qid=1654371676&sr=8-227
"ASUS VG259Q 24.5? Gaming Monitor 144Hz Full HD (1920 x 1080) 1ms IPS ELMB FreeSync Eye Care DisplayPort HDMI,BLACK",,$299.99,0%,4.6 out of 5 stars,653,https://www.amazon.ca/VG259Q-Gaming-Monitor-FreeSync-DisplayPort/dp/B0817JCFJN/ref=sr_1_228?keywords=4k+monitor&qid=1654371676&sr=8-228
"ASUS TUF Gaming 32” 1440P Gaming Monitor (VG32AQL1A) - QHD (2560 x 1440), IPS, 170Hz, 1ms, Extreme Low Motion Blur Sync, FreeSync Premium, 99% DCI-P3, DisplayPort, HDMI, USB Hub, DisplayHDR 400",,$582.15,0%,4.2 out of 5 stars,28,https://www.amazon.ca/ASUS-Gaming-1440P-Monitor-VG32AQL1A/dp/B09HRB9F39/ref=sr_1_229?keywords=4k+monitor&qid=1654371676&sr=8-229
"LG 24MP60G-B 24"" Full HD IPS Monitor with AMD FreeSync - Black",,$221.65,0%,4.6 out of 5 stars,119,https://www.amazon.ca/LG-24MP60G-B-Full-Monitor-FreeSync/dp/B093R6C6B4/ref=sr_1_230?keywords=4k+monitor&qid=1654371676&sr=8-230
"ViewSonic VG3448 34 Inch Ultra-Wide 21:9 WQHD Ergonomic Monitor with HDMI DisplayPort USB, 40 Degree Tilt and FreeSync for Home and Office",,$657.99,0%,4.5 out of 5 stars,"1,257",https://www.amazon.ca/ViewSonic-VG3448-Inch-Ultra-Wide-DisplayPort/dp/B07S3ZYP94/ref=sr_1_231?keywords=4k+monitor&qid=1654371676&sr=8-231
"KOORUI 24 Inch Monitor, Full HD 1080p IPS LED Computer Monitor, 75Hz FHD 1920 x 1080 Ultra Slim Desktop PC Monitor with HDMI, VGA, 75 x 75 mm VESA Mountable, Black",$199.99,$189.99,-5.0%,4.4 out of 5 stars,93,https://www.amazon.ca/KOORUI-Monitor-Computer-Desktop-Mountable/dp/B09GJVMJFW/ref=sr_1_232?keywords=4k+monitor&qid=1654371676&sr=8-232
"Acer Nitro QG241Y Pbmiipx 23.8"" Full HD (1920 x 1080) VA Gaming Monitor with AMD FreeSync Premium Technology, Up to 165Hz, 1ms (VRB), HDR10, (1 x Display Port 1.2, 1 x HDMI 2.0 & 1 x HDMI 1.4) (Renewed)",,$225.00,0%,No reviews,0,https://www.amazon.ca/Acer-QG241Y-Pbmiipx-FreeSync-Technology/dp/B09GHW86Y8/ref=sr_1_233?keywords=4k+monitor&qid=1654371676&sr=8-233
MSI Optix G273QF QHD Non-Glare 1ms 2560 x 1440 Rapid IPS Wide Screen 165Hz FreeSync 27 ”G-Sync Comp Gaming Monitor - Black,,$419.00,0%,4.2 out of 5 stars,133,https://www.amazon.ca/MSI-Optix-G273QF-Non-Glare-FreeSync/dp/B08S999YC8/ref=sr_1_234?keywords=4k+monitor&qid=1654371676&sr=8-234
"Sceptre 27 inch QHD IPS LED Monitor 2560x1440 HDR400 HDMI DisplayPort up to 144Hz 1ms Height Adjustable, Build-in Speakers, Gunmetal Black 2021 (E275B-QPN168)",,$322.54,0%,4.5 out of 5 stars,301,https://www.amazon.ca/Sceptre-2560x1440-DisplayPort-Adjustable-E275B-QPN168/dp/B08SZH8J2T/ref=sr_1_235?keywords=4k+monitor&qid=1654371676&sr=8-235
"Lenovo G24-10 23.6-inch Gaming Monitor, FHD (1920 x 1080), TN Panel, LED Backlit, NVIDIA G-SYNC Compatible, 144Hz, 1ms Response, HDMI, DP, Low Blue Light, Anti-Glare, 65FDGCC2US, Black",,$252.17,0%,4.6 out of 5 stars,123,https://www.amazon.ca/Lenovo-23-6-inch-Compatible-Anti-Glare-65FDGCC2US/dp/B08Z5YQVVK/ref=sr_1_236?keywords=4k+monitor&qid=1654371676&sr=8-236
"LG 27GN800-B Ultragear Gaming Monitor 27 inch QHD (2560 x 1440) IPS Display, IPS 1ms (GtG) Response Time, 144Hz Refresh Rate, NVIDIA G-SYNC Compatible, AMD FreeSync Premium, Black",$499.99,$399.99,-20.0%,4.4 out of 5 stars,"1,083",https://www.amazon.ca/LG-UltraGear-27GN800-B-Ultragear-Compatible/dp/B08LLD2QXJ/ref=sr_1_237?keywords=4k+monitor&qid=1654371676&sr=8-237
"LILLIPUT BM150-4KS New 15.6"" 3840x2160 4x4K HDMI 3G-SDI in&Out Broadcast Director Monitor with HDR, 3D-LUT, Color Space",,$999.45,0%,3.1 out of 5 stars,3,https://www.amazon.ca/LILLIPUT-BM150-4KS-3840x2160-Broadcast-Director/dp/B07ZD16JJ9/ref=sr_1_238?keywords=4k+monitor&qid=1654371676&sr=8-238
Pixio PX259 Prime S 25 inch 360Hz Fast IPS 1ms GTG HDR FHD 1080p FreeSync G-Sync Compatible Esports IPS Gaming Monitor,,$489.99,0%,No reviews,0,https://www.amazon.ca/FreeSync-G-Sync-Compatible-Esports-Monitor/dp/B09NP69YH3/ref=sr_1_240?keywords=4k+monitor&qid=1654371676&sr=8-240
4K Portable Monitor Touchscreen - 15.6 Inch UHD Multi Touch Auto-Rotating HDR FreeSync USB-C Portable Display with Kickstand Dual Type-C Mini HDMI for Laptop PC Phone Mac Surface Xbox PS4 Switch,,$631.36,0%,4.5 out of 5 stars,122,https://www.amazon.ca/Portable-Monitor-Touchscreen-Auto-Rotating-Kickstand/dp/B086VJP65W/ref=sr_1_241?keywords=4k+monitor&qid=1654371676&sr=8-241
"ASUS ProArt Display PA247CV 23.8” Monitor, 1080P Full HD, 100% sRGB/Rec. 709, IPS, ΔE < 2, USB hub USB-C HDMI DisplayPort with Daisy-Chaining, Calman Verified, Eye Care, Anti-Glare, Ergonomic Stand",,$338.98,0%,4.5 out of 5 stars,139,https://www.amazon.ca/Asus-PA247CV/dp/B08K2NT2G7/ref=sr_1_242?keywords=4k+monitor&qid=1654371676&sr=8-242
"Computer Display,17.3’‘ Portable Computer Display IPS Split Screen 1080P High Definition Computer Display,Support for HDMI/PS3/for Xbox/PS4",,$309.76,0%,5.0 out of 5 stars,1,https://www.amazon.ca/Computer-Display-Portable-Definition-Support/dp/B093CXPLST/ref=sr_1_243?keywords=4k+monitor&qid=1654371676&sr=8-243
Portable Monitor ZSCMALLS Upgraded Ultra Slim&Lightweight Metal Frame 15 Inch IPS HDR 1080P HD Eye Care Screen USB C Gaming Monitor for Laptop/PC/Cellphone/Switch/PS3-4/Xbox/Raspberry Pi,,$249.99,0%,4.2 out of 5 stars,147,https://www.amazon.ca/ZSCMALLS-Lightweight-Portable-Cellphone-Raspberry/dp/B08MXKVCKF/ref=sr_1_244?keywords=4k+monitor&qid=1654371676&sr=8-244
"Dell 24 Monitor - P2422H - Full HD 1080p, IPS Technology, Comfortview Plus Technology",$367.75,$336.59,-8.47%,4.4 out of 5 stars,172,https://www.amazon.ca/Dell-24-Monitor-Technology-Comfortview/dp/B096T36G8L/ref=sr_1_245?keywords=4k+monitor&qid=1654371676&sr=8-245
"Philips 246E9QDSB 24"" Frameless Monitor, Full HD IPS, 129% sRGB, 75Hz, FreeSync, VESA, 4Yr Advance Replacement Warranty",,$221.51,0%,4.5 out of 5 stars,"2,166",https://www.amazon.ca/Philips-246E9QDSB-Class-Monitor-Free-Sync/dp/B07CK4W58Y/ref=sr_1_246?keywords=4k+monitor&qid=1654371676&sr=8-246
ViewSonic Elite XG270QC Curved 27” 1ms 1440p 165Hz FreeSync Premium Pro Gaming Monitor with VESA DisplayHDR 400 and Advanced Ergonomics for Esports,$609.98,$479.99,-21.31%,4.6 out of 5 stars,"1,462",https://www.amazon.ca/ViewSonic-XG270QC-FreeSync-DisplayHDR-Ergonomics/dp/B07VKPWYQ5/ref=sr_1_247?keywords=4k+monitor&qid=1654371676&sr=8-247
ViewSonic VG2756-4K 27 Inch IPS 4K Docking Monitor with Integrated USB 3.2 Type-C RJ45 HDMI Display Port and 40 Degree Tilt Ergonomics for Home and Office,,$640.98,0%,4.3 out of 5 stars,55,https://www.amazon.ca/ViewSonic-VG2756-4K-Docking-Integrated-Ergonomics/dp/B08HDQBMJN/ref=sr_1_248?keywords=4k+monitor&qid=1654371676&sr=8-248
ViewSonic TD2760 27 Inch 1080p 10-Point Multi Touch Screen Monitor with Advanced Ergonomics RS232 HDMI and DisplayPort,,$634.99,0%,4.1 out of 5 stars,77,https://www.amazon.ca/ViewSonic-TD2760-10-Point-Ergonomics-DisplayPort/dp/B07S1XYQMJ/ref=sr_1_245?keywords=4k+monitor&qid=1654371678&sr=8-245
"4K Portable Monitor Touchscreen C-FORCE CF015XT 15.6'' Slimmest 10-Point Touch UHD 3840x2160 Dual USB C Monitor Bracket Integrated & Narrow Bezel UHD Laptop Display with Type-C HDMI for Laptop NS,etc",,$579.99,0%,4.5 out of 5 stars,20,https://www.amazon.ca/Portable-Touchscreen-Slimmest-3840x2160-Integrated/dp/B089GZVXCX/ref=sr_1_246?keywords=4k+monitor&qid=1654371678&sr=8-246
MSI Full UHD 4K Anti-Glare 1ms 3840 x 2160 144Hz Refresh Rate HDR Ready USB/DP/HDMI 31.5” Monitor (Optix MPG321UR QD),,"$1,169.99",0%,4.4 out of 5 stars,31,https://www.amazon.ca/MSI-Anti-Glare-Optix-MPG321UR-QD/dp/B09GWC5YBM/ref=sr_1_247?keywords=4k+monitor&qid=1654371678&sr=8-247
"Wimaxit Touch Screen 15.6 Inch Portabel USB C Tyepe C Monitor for Selected Laptop and Android Phone Portable HDMI Monitor with Built-in Speakers for PC Monitor,Gaming",,$279.00,0%,4.3 out of 5 stars,80,https://www.amazon.ca/WIMAXIT-Portable-Monitor-1920x1080-Built/dp/B07J53B7NS/ref=sr_1_248?keywords=4k+monitor&qid=1654371678&sr=8-248
Dell 27 Inch Monitor S2721HN LED-Backlit LCD IPS Full HD HDMI AMD FreeSync Comfort View 4ms Response Time,,$308.98,0%,5.0 out of 5 stars,35,https://www.amazon.ca/Monitor-S2721HN-LED-Backlit-FreeSync-Response/dp/B08LYVSXH5/ref=sr_1_250?keywords=4k+monitor&qid=1654371678&sr=8-250
"AOC VA Curved (1800R) Gaming MNT 2HDMI/2DP/Ha, Black/Silver, 49 Inch Dual QHD [5120x144] (AG493UCX)","$1,381.99","$1,292.29",-6.49%,4.2 out of 5 stars,"1,423",https://www.amazon.ca/AOC-Curved-1800R-Gaming-2HDMI/dp/B07ZSGR4CH/ref=sr_1_251?keywords=4k+monitor&qid=1654371678&sr=8-251
"Desview R72 Camera Field Monitor, 7"" Touch Screen Field Monitor,2600Nits Ultra High Brightness,1920x1200 IPS with HDR/3D-Luts Support 4K Input/Output for DSLR Camera,Desview-R72-Camera-Monitor",,$389.00,0%,4.4 out of 5 stars,16,https://www.amazon.ca/Desview-2600Nits-Brightness-1920x1200-Desview-R72-Camera-Monitor/dp/B09NLR9DKW/ref=sr_1_252?keywords=4k+monitor&qid=1654371678&sr=8-252
Acer Nitro 24” FHD IPS 165Hz Gaming Monitor VG240Y Sbmiipx (Renewed),$239.00,$225.00,-5.86%,4.4 out of 5 stars,22,https://www.amazon.ca/Acer-Gaming-Monitor-Sbmiipx-Renewed/dp/B08L44ZJWF/ref=sr_1_253?keywords=4k+monitor&qid=1654371678&sr=8-253
"ASUS 31.5” 2K Monitor (VP32AQ) - WQHD (2560 x 1440), IPS, 100% sRGB, HDR10, 75Hz, Speakers, Adaptive-Sync/FreeSync, Low Blue Light, Eye Care, VESA Mountable, Frameless, DisplayPort, HDMI, Tilt",,$379.99,0%,4.3 out of 5 stars,23,https://www.amazon.ca/ASUS-31-5-1440P-Monitor-VP32AQ/dp/B096PS1Z8N/ref=sr_1_254?keywords=4k+monitor&qid=1654371678&sr=8-254
MSI Modern MD271P 27” IPS FHD (1920 x 1080) Non-Glare with Super Narrow Bezel 75Hz 5ms 16:9 with Adjustable Stand - 1x USB Type C,,$249.99,0%,4.0 out of 5 stars,14,https://www.amazon.ca/MSI-Modern-MD271P-Non-Glare-Narrow/dp/B096HYL7KY/ref=sr_1_255?keywords=4k+monitor&qid=1654371678&sr=8-255
"Asus VG258QR 24.5” Gaming Monitor 165Hz Full HD (1920 X 1080) 0.5ms G-Sync Eye Care DisplayPort HDMI DVI-D,Black",,$258.98,0%,4.6 out of 5 stars,"5,071",https://www.amazon.ca/Asus-VG258QR-Gaming-Monitor-DisplayPort/dp/B07Y5XHQKZ/ref=sr_1_256?keywords=4k+monitor&qid=1654371678&sr=8-256
"ASUS ProArt Display 14” 1080P Portable Touchscreen Monitor (PA148CTV) - Full HD, IPS, 100% sRGB/Rec.709 Calman Verified, USB-C Power Delivery, Micro HDMI, Tripod Socket",$529.99,$501.91,-5.3%,3.9 out of 5 stars,26,https://www.amazon.ca/Display-Portable-Touchscreen-Monitor-PA148CTV/dp/B091D4CRTP/ref=sr_1_257?keywords=4k+monitor&qid=1654371678&sr=8-257
"AOC C32G2ZE 32"" Curved Frameless Gaming Monitor, Full HD 1920x1080, VA, 0.5ms 240Hz, AMD FreeSync Premium, DP/HDMI/VGA, VESA, 3-3-1 Re-Spawned Program Black",,$422.99,0%,4.7 out of 5 stars,399,https://www.amazon.ca/AOC-C32G2ZE-Frameless-1920x1080-Re-Spawned/dp/B08Z66BHWW/ref=sr_1_258?keywords=4k+monitor&qid=1654371678&sr=8-258
BenQ 24 Inch 1080P IPS Monitor | 75 Hz for Gaming | Proprietary Eye-Care Tech |Adaptive Brightness for Image Quality | EW2480,$249.99,$229.99,-8.0%,4.3 out of 5 stars,13,https://www.amazon.ca/BenQ-Proprietary-Eye-Care-Brightness-EW2480/dp/B07WQBC96R/ref=sr_1_259?keywords=4k+monitor&qid=1654371678&sr=8-259
Acer 27in KG1 Widescreen Monitor Full HD Display 16:9 1ms 75Hz (Renewed),,$225.00,0%,5.0 out of 5 stars,4,https://www.amazon.ca/Acer-Widescreen-Monitor-Full-Display/dp/B075F9BDT4/ref=sr_1_260?keywords=4k+monitor&qid=1654371678&sr=8-260
TOPOSH Portable Monitor 15.6 Inch USB Type-C Full HD 1080 IPS USB C Portable Monitor Built-in Dual Speakers for Laptop Computer Raspberry pi Gaming Monitor for PS4 PS3 Xbox,,$199.99,0%,4.1 out of 5 stars,370,https://www.amazon.ca/TOPOSH-Portable-Speakers-Compatible-Raspberry/dp/B07PPZYN7Y/ref=sr_1_265?keywords=4k+monitor&qid=1654371678&sr=8-265
"Acer Nitro VG270U Pbmiipx 27"" QHD 2560 x 1440 2K 144Hz Refresh Rate 1ms(VRB) Response Time 99% sRGB AMD FreeSync IPS Gam (Renewed)",,$329.00,0%,5.0 out of 5 stars,1,https://www.amazon.ca/Acer-Pbmiipx-Refresh-Response-FreeSync/dp/B09JRZ5R1G/ref=sr_1_266?keywords=4k+monitor&qid=1654371678&sr=8-266
"AOC CU34G2X 34 inch Curved Frameless Gaming Monitor, Ultrawide QHD 3440x1440, VA Panel, 1ms 144Hz FreeSync, 3-yr Zero Dead Pixels",,$703.70,0%,4.5 out of 5 stars,"21,988",https://www.amazon.ca/AOC-CU34G2X-Frameless-Immersive-Adjustable/dp/B07ZB2TNZZ/ref=sr_1_267?keywords=4k+monitor&qid=1654371678&sr=8-267
ViewSonic VX2718-2KPC-MHD 27 Inch WQHD 1440p 165Hz 1ms Curved Gaming Monitor with Adaptive-Sync Eye Care HDMI and Display Port,$376.99,$329.99,-12.47%,4.4 out of 5 stars,510,https://www.amazon.ca/ViewSonic-VX2718-2KPC-MHD-Monitor-Adaptive-Sync-Display/dp/B08DLC9HBG/ref=sr_1_268?keywords=4k+monitor&qid=1654371678&sr=8-268
"Portable Monitor,Bimawen 15.6"" Ultra Slim,FHD/HDR 1080p IPS Screen Compatible with Xbox,Switch,PC,Laptop,Raspberry Pi 4,PS3,PS4,Android Phone with Full Featured Type c and iPhoneSeries",,$249.00,0%,3.7 out of 5 stars,116,https://www.amazon.ca/Portable-Bimawen-Compatible-Raspberry-iPhoneSeries/dp/B08GPNT9Z1/ref=sr_1_269?keywords=4k+monitor&qid=1654371678&sr=8-269
"LG 34WP85CN-B 34 Inch QHD(3440 x 1440) Curved Monitor with UltraWide 5ms 60Hz Display, AMD FreeSync, USB Type C, Black",,$899.99,0%,No reviews,0,https://www.amazon.ca/LG-34WP85CN-B-Monitor-UltraWide-FreeSync/dp/B0B197JP35/ref=sr_1_270?keywords=4k+monitor&qid=1654371678&sr=8-270
"ASUS TUF Gaming 27” 1080P Monitor (VG279QR) - Full HD, IPS, 165Hz (Supports 144Hz), 1ms, Extreme Low Motion Blur, G-SYNC Compatible, Shadow Boost, VESA Mountable, DisplayPort, HDMI, Height Adjustable",,$399.99,0%,4.6 out of 5 stars,74,https://www.amazon.ca/ASUS-Gaming-1080P-Monitor-VG279QR/dp/B091D61MRH/ref=sr_1_271?keywords=4k+monitor&qid=1654371678&sr=8-271
"Planar Narrow Bezel Screen Led-Lit Monitor 24"" White (PXN2480MW-WH)",,$324.35,0%,4.6 out of 5 stars,6,https://www.amazon.ca/Planar-PXN2480MW-WH-SystemsInc-998-0411-00/dp/B00006HVEC/ref=sr_1_272?keywords=4k+monitor&qid=1654371678&sr=8-272
"Dell S3222HN 32-inch FHD 1920 x 1080 at 75Hz Curved Monitor, 1800R Curvature, 8ms Grey-to-Grey Response Time (Normal Mode), 16.7 Million Colors - Black",$519.51,$437.82,-15.72%,4.6 out of 5 stars,761,https://www.amazon.ca/Dell-S3222HN-32-inch-Curvature-Response/dp/B09DYVJS9Z/ref=sr_1_273?keywords=4k+monitor&qid=1654371678&sr=8-273
"ASUS ROG Swift 360Hz PG259QN 24.5” HDR Gaming Monitor, 1080P Full HD, Fast IPS, 1ms, G-SYNC, ULMB, Eye Care, HDMI, DisplayPort, USB, Ergonomic Design, VESA Wall Mountable, HDR10, World’s First 360Hz",,$699.99,0%,4.4 out of 5 stars,191,https://www.amazon.ca/PG259QN-Monitor-DisplayPort-Ergonomic-Mountable/dp/B08GL5TJQT/ref=sr_1_274?keywords=4k+monitor&qid=1654371678&sr=8-274
"ACER PG241Y PBIIPX 23.8"" Gaming Monitor (1920x1080), 165Hz (OC) 4000:1, 1ms (VRB), 250nits, 2XHDMI+DP+Audio Out",$220.90,$199.37,-9.75%,4.0 out of 5 stars,2,https://www.amazon.ca/PG241Y-PBIIPX-Gaming-Monitor-1920x1080/dp/B09TBJFG7K/ref=sr_1_275?keywords=4k+monitor&qid=1654371678&sr=8-275
"LG 24UD58-B 24"" 4K UHD IPS Monitor with FreeSync",,$579.99,0%,4.5 out of 5 stars,"1,620",https://www.amazon.ca/LG-24UD58-B-UHD-Monitor-FreeSync/dp/B01LPNKFK0/ref=sr_1_276?keywords=4k+monitor&qid=1654371678&sr=8-276
"Asus ZenScreen MB16AMT 15.6"" Full HD Portable Monitor Touch Screen HDMI with Foldable Smart Case, Dark Gray",,$505.99,0%,3.9 out of 5 stars,784,https://www.amazon.ca/Asus-ZenScreen-MB16AMT-Portable-Foldable/dp/B07WC2NL2G/ref=sr_1_277?keywords=4k+monitor&qid=1654371678&sr=8-277
"Monoprice Zero-G Curved Gaming Monitor - 27 Inch, 1500R, 2560x1440p, QHD, 144Hz, DisplayHDR 400, AMD FreeSync, VA, 16:9, 400 cd/m2",,$335.10,0%,5.0 out of 5 stars,2,https://www.amazon.ca/Monoprice-Zero-G-Curved-Gaming-Monitor/dp/B088LQL723/ref=sr_1_278?keywords=4k+monitor&qid=1654371678&sr=8-278
"ASUS 23.8” 1080P Monitor (VA247HE) - Full HD, IPS, 75Hz, Adaptive-Sync/FreeSync, Low Blue Light, Flicker Free, Eye Care Plus, VESA Mountable, Frameless, HDMI, DVI, VGA, Tilt Adjustable",,$196.32,0%,4.3 out of 5 stars,27,https://www.amazon.ca/ASUS-23-8-1080P-Monitor-VA247HE/dp/B09DHNBDGD/ref=sr_1_279?keywords=4k+monitor&qid=1654371678&sr=8-279
4K 13.3 Inch Portable Monitor Touchscreen 3840x2160 Auto-Rotating HDR FreeSync UHD USB-C Display with Kickstand Dual Type-C Mini HDMI Speakers for PS4 PS5 Xbox Switch Smart Phone Laptop PC,,$500.48,0%,2.0 out of 5 stars,1,https://www.amazon.ca/Portable-Touchscreen-3840x2160-Auto-Rotating-Kickstand/dp/B0936NL7FW/ref=sr_1_280?keywords=4k+monitor&qid=1654371678&sr=8-280
"ViewSonic Omni VX3268-2KPC-MHD 32 Inch Curved 1440p 1ms 144Hz Gaming Monitor with FreeSync Premium, Eye Care, HDMI and DisplayPort",,$399.99,0%,4.3 out of 5 stars,844,https://www.amazon.ca/ViewSonic-VX3268-2KPC-MHD-Monitor-FreeSync-Premium/dp/B08D5H24N8/ref=sr_1_281?keywords=4k+monitor&qid=1654371678&sr=8-281
"SAMSUNG 24 Inch QHD Computer Monitor, 75Hz, HDMI Monitor, Vertical Monitor, 1440p IPS Monitor, HDR10 (1 Billion Colors), TUV-Certified Intelligent Eye Care, S60A (LS24A600NWNXGO)",,$382.00,0%,3.8 out of 5 stars,32,https://www.amazon.ca/Computer-Vertical-TUV-Certified-Intelligent-LS24A600NWNXGO/dp/B08YGVZRBD/ref=sr_1_282?keywords=4k+monitor&qid=1654371678&sr=8-282
LG 32GN63T-B 32'' Ultragear QHD 165Hz HDR10 Monitor with NVIDIA G-SYNC Compatibility and AMD FreeSync Premium (Renewed),$336.39,$318.13,-5.43%,4.5 out of 5 stars,68,https://www.amazon.ca/LG-32GN63T-B-Ultragear-Compatibility-FreeSync/dp/B09J5J2457/ref=sr_1_283?keywords=4k+monitor&qid=1654371678&sr=8-283
"ASUS TUF Gaming VG259QM 24.5” Monitor, 1080P Full HD (1920 x 1080), Fast IPS, 280Hz (Supports 144Hz), G-SYNC Compatible, Extreme Low Motion Blur Sync, 1ms, DisplayHDR™ 400, Eye Care, DisplayPort HDMI",,$446.79,0%,4.6 out of 5 stars,819,https://www.amazon.ca/VG259QM-Supports-Compatible-DisplayHDRTM-DisplayPort/dp/B0876KP2CK/ref=sr_1_284?keywords=4k+monitor&qid=1654371678&sr=8-284
"VX2458-C-MHD - 24"" Curved 1080p 144hz 1ms FreeSync Premium Monitor",,$297.00,0%,4.3 out of 5 stars,"2,310",https://www.amazon.ca/ViewSonic-VX2458-C-MHD-Curved-Monitor-FreeSync/dp/B07H5GNR18/ref=sr_1_285?keywords=4k+monitor&qid=1654371678&sr=8-285
"4K Portable Monitor - CMac Tech 15.6'' 3840x2160 UHD 60 Hz, IPS Computer Display HDR Game Travel Monitor w/Speakers, VESA Mountable & Smart Cover for Laptop Xbox PS5 Switch PC Phone Mac",,$423.01,0%,No reviews,0,https://www.amazon.ca/4K-Portable-Monitor-3840x2160-Mountable/dp/B09XY5FBDB/ref=sr_1_286?keywords=4k+monitor&qid=1654371678&sr=8-286
"ASUS ProArt Display PA27UCX-K 27"" 4K HDR Mini LED Monitor, 97% DCI-P3 99.5% Adobe RGB 100% sRGB, DeltaE<1, IPS, USB-C HDMI DP, Calman Ready, Dolby Vision HDR10, 1000nits, w/X-rite Calibrator",,"$4,099.99",0%,3.2 out of 5 stars,8,https://www.amazon.ca/Asus-PA27UCX-K/dp/B088ML2BVG/ref=sr_1_287?keywords=4k+monitor&qid=1654371678&sr=8-287
"ASUS ROG Strix 31.5” 1440P Curved Gaming Monitor (XG32VC), QHD (2560 x 1440), 170Hz, 1ms, Extreme Low Motion Blur Sync, FreeSync Premium Pro, HDMI DisplayPort USB 3.0 Type C, 125% sRGB, DisplayHDR 400",,$658.98,0%,4.3 out of 5 stars,191,https://www.amazon.ca/XG32VC-Monitor-FreeSync-DisplayPort-DisplayHDR/dp/B08GL5DPJH/ref=sr_1_288?keywords=4k+monitor&qid=1654371678&sr=8-288
"Lenovo ThinkVision C27-30 27"" Full HD WLED LCD Monitor - 16:9 - Raven Black",$244.99,$218.99,-10.61%,4.3 out of 5 stars,14,https://www.amazon.ca/Lenovo-ThinkVision-C27-30-Full-Monitor/dp/B09BDC4KBZ/ref=sr_1_289?keywords=4k+monitor&qid=1654371678&sr=8-289
"ViewSonic VS2247-MH 22 Inch 1080p Monitor with 75 Hz, Adaptive Sync, Thin Bezels, Eye Care, HDMI, VGA Inputs for Home and Office",$204.03,$172.99,-15.21%,4.6 out of 5 stars,19,https://www.amazon.ca/ViewSonic-VS2247-MH-Monitor-Adaptive-Bezels/dp/B09JLGVL5K/ref=sr_1_290?keywords=4k+monitor&qid=1654371678&sr=8-290
"Philips Computer Monitors 322E1C 32"" Super-Curved Frameless Monitor, Full HD VA, 104% sRGB, Adaptive-Sync 75Hz, VESA, 4Yr Advance Replacement Warranty, Black/Silver",$319.99,$304.42,-4.87%,4.6 out of 5 stars,932,https://www.amazon.ca/Computer-Monitors-322E1C-Super-Curved-Adaptive-Sync/dp/B083FJ8TSJ/ref=sr_1_291?keywords=4k+monitor&qid=1654371678&sr=8-291
"LG Display 27BK430H-B, 27"" IPS 75Hz FreeSync 1920 x 1080 - FHD 16:9, 1K:1 - Contrast, 5MS GTG - Response, 1x VGA, 1x HDMI, W/Tilt Adjustment, Black",,$237.27,0%,No reviews,0,https://www.amazon.ca/LG-Display-27BK430H-B-75Hz-FreeSync/dp/B089J6KFM4/ref=sr_1_292?keywords=4k+monitor&qid=1654371678&sr=8-292
"Sceptre 32"" Curved 2K Gaming Monitor QHD 2560 x 1440 up to 165Hz 144Hz 1ms HDR400 400 Lux AMD FreeSync Premium, Height Adjustable DisplayPort HDMI Build-in Speakers Black 2021 (C325B-QWD168)",,$485.47,0%,4.4 out of 5 stars,53,https://www.amazon.ca/Sceptre-FreeSync-Adjustable-DisplayPort-C325B-QWD168/dp/B09C11G2YN/ref=sr_1_293?keywords=4k+monitor&qid=1654371678&sr=8-293
"Ever Lustre 15.6 Inch Portable Gaming Monitor 4K Touch Screen 3840x2160 UHD Display Screen for PS4, Xbox, Switch, Smart Phone, Laptop (Battery Monitor+case)",,$495.00,0%,3.7 out of 5 stars,20,https://www.amazon.ca/Portable-Monitor-3840x2160-Display-Battery/dp/B07TWVKJHD/ref=sr_1_294?keywords=4k+monitor&qid=1654371678&sr=8-294
"LG UltraWide 38WN95C Monitor with 1ms 144 Hz 38 Inch 21:9 IPS QHD+ Display, AMD Freesync G-Sync Compatible, Multitasking and Gaming, White",,"$2,076.42",0%,4.2 out of 5 stars,135,https://www.amazon.ca/LG-38WN95C-W-Inch-Curved-Connectivity/dp/B0892MHG9H/ref=sr_1_295?keywords=4k+monitor&qid=1654371678&sr=8-295
"ASUS ROG Strix 15.6” 1080P Portable Gaming Monitor (XG16AHP-W) - White, Full HD, 144Hz, IPS, G-SYNC Compatible, Built-in Battery, Kickstand, USB-C Power Delivery, Micro HDMI, ROG Tripod, for Console",$596.70,$537.28,-9.96%,3.2 out of 5 stars,12,https://www.amazon.ca/Portable-Gaming-Monitor-XG16AHP-W-Built/dp/B09GP71M3K/ref=sr_1_296?keywords=4k+monitor&qid=1654371678&sr=8-296
"ASUS ProArt Display 32” 1440P Monitor (PA328CGV) - QHD (2560 x 1440), IPS, 165Hz, 95% DCI-P3, 100% sRGB/Rec.709, ΔE < 2, Calman Verified, USB-C Power Delivery, DisplayPort, HDMI, USB 3.1 Hub, C-clamp",,"$1,005.99",0%,4.0 out of 5 stars,7,https://www.amazon.ca/ProArt-Display-1440P-Monitor-PA328CGV/dp/B09HDFLGKZ/ref=sr_1_293?keywords=4k+monitor&qid=1654371680&sr=8-293
"Dell Curved Gaming Monitor 34 Inch Curved Monitor with 144Hz Refresh Rate, WQHD (3440 x 1440) Display, Black - S3422DWG",,$735.27,0%,4.5 out of 5 stars,394,https://www.amazon.ca/Dell-S3422DWG-Curvature-Grey-Grey/dp/B095X7RV77/ref=sr_1_294?keywords=4k+monitor&qid=1654371680&sr=8-294
ViewSonic VG2755 27 Inch IPS 1080p Monitor with USB 3.1 Type C HDMI DisplayPort VGA and 40 Degree Tilt Ergonomics for Home and Office,,$382.99,0%,4.5 out of 5 stars,545,https://www.amazon.ca/ViewSonic-VG2755-Monitor-DisplayPort-Ergonomics/dp/B07JV8SVPF/ref=sr_1_295?keywords=4k+monitor&qid=1654371680&sr=8-295
Asus 27in WS 1920x1080 1MS VP278QG,,$314.55,0%,4.7 out of 5 stars,189,https://www.amazon.ca/Asus-27IN-1920X1080-1MS-VP278QG/dp/B0768N21RY/ref=sr_1_297?keywords=4k+monitor&qid=1654371680&sr=8-297
"ASUS ROG Strix 34” Ultra-Wide Gaming Monitor (XG349C) - UWQHD (3440 x 1440), 180Hz, 1ms, Extreme Low Motion Blur Sync, 135% sRGB, G-Sync Compatible, DisplayHDR 400, Eye Care, USB-C, DisplayPort, HDMI",,"$1,169.99",0%,4.4 out of 5 stars,55,https://www.amazon.ca/Strix-Ultra-Wide-Gaming-Monitor-XG349C/dp/B0966ZFKJK/ref=sr_1_298?keywords=4k+monitor&qid=1654371680&sr=8-298
"Portable Monitor-Bimawen 17.3“ Reduces Fatigue/Blue Light Source,USB Type-C,Mini HDMI,PS4/xBOX/Switch/PC/Mac/Full feature type c phone Compatible,FHD/HDR/1920 x 1080p,Built-in Speaker,IPS LCD Panel,Stand case",,$368.00,0%,4.2 out of 5 stars,73,https://www.amazon.ca/CHSZZP-12301-703-Portable-Monitor/dp/B0854FSXGS/ref=sr_1_300?keywords=4k+monitor&qid=1654371680&sr=8-300
HP 27m 27-inch Display (9UP91AA),,$299.00,0%,5.0 out of 5 stars,8,https://www.amazon.ca/HP-27m-27-inch-Display-9UP91AA/dp/B085VCWM9P/ref=sr_1_301?keywords=4k+monitor&qid=1654371680&sr=8-301
"ASUS VS228H-P 21.5"" Full HD 1920x1080 HDMI DVI VGA Back-lit LED Monitor",,$179.99,0%,4.3 out of 5 stars,"4,738",https://www.amazon.ca/ASUS-VS228H-P-1920x1080-Back-lit-Monitor/dp/B005BZNDOO/ref=sr_1_302?keywords=4k+monitor&qid=1654371680&sr=8-302
"Touchscreen Monitor, 12 Inch Pos Touchscreen Monitor with Built-in Speakers 800x600 Pos Systems for Restaurants PC Cashier Bar Point of Sale Cashier Coffee Store PC Touchscreen Display VGA USB",,$245.99,0%,3.4 out of 5 stars,61,https://www.amazon.ca/Touchscreen-Monitor-Computer-Cashier-Restaurant/dp/B075CJDGX6/ref=sr_1_303?keywords=4k+monitor&qid=1654371680&sr=8-303
"ASUS TUF Gaming 23.8” 1080P Monitor (VG247Q1A) - Full HD, 165Hz (Supports 144Hz), 1ms, Extreme Low Motion Blur, Adaptive-sync, FreeSync Premium, Shadow Boost, Speakers, Eye Care, HDMI, DisplayPort",,$269.00,0%,4.5 out of 5 stars,60,https://www.amazon.ca/Asus-VG247Q1A-ASUS/dp/B0997NRZ3F/ref=sr_1_304?keywords=4k+monitor&qid=1654371680&sr=8-304
"Lenovo G34w-10 34-Inch WQHD Curved Gaming Monitor, 21:9 Ultra-Wide, 3 Side NearEdgeless, AMD FreeSync, 144Hz, HDMI, DP, Adjustable Stand, VESA",,$545.99,0%,4.2 out of 5 stars,376,https://www.amazon.ca/Lenovo-G34w-10-34-Inch-Curved-Monitor/dp/B084R2XYM9/ref=sr_1_305?keywords=4k+monitor&qid=1654371680&sr=8-305
"LG 27GL63T Ultragear 27"" Class FHD IPS G-Sync Compatible Gaming Monitor (Renewed)",,$299.91,0%,4.5 out of 5 stars,218,https://www.amazon.ca/LG-Ultragear-Compatible-Monitor-Renewed/dp/B08288169G/ref=sr_1_306?keywords=4k+monitor&qid=1654371680&sr=8-306
"ASUS TUF Gaming 31.5” 1440P Curved HDR Monitor (VG32VQR) - WQHD (2560 x 1440), 165Hz, 1ms, Extreme Low Motion Blur Sync, Adaptive-sync, Freesync Premium, Eye Care, DisplayHDR 400, HDMI, DisplayPort",,$519.99,0%,4.4 out of 5 stars,126,https://www.amazon.ca/Gaming-1440P-Curved-Monitor-VG32VQR/dp/B096PQQYLS/ref=sr_1_307?keywords=4k+monitor&qid=1654371680&sr=8-307
"Yasoca 7 inch Portable Small HDMI Monitor HD 1080P VGA Monitor,Small LCD HDMI Monitor Mini Screen 1024x600,HDMI/VGA/AV Input Mini Monitor,with Speakers",,$70.99,0%,3.7 out of 5 stars,49,https://www.amazon.ca/Yasoca-Portable-Monitor-1024x600-Speakers/dp/B09658247K/ref=sr_1_308?keywords=4k+monitor&qid=1654371680&sr=8-308
"MSI Non-Glare 34"" Optix MAG341CQ UltraWide 21: 9 Screen 8ms 3440 X 1440 100Hz FreeSync 3K Resolution Curved Gaming Monitor (Optix MAG341CQ)",,$489.99,0%,4.2 out of 5 stars,618,https://www.amazon.ca/MSI-Non-Glare-UltraWide-21-Resolution/dp/B07G5FCR6X/ref=sr_1_313?keywords=4k+monitor&qid=1654371680&sr=8-313
"Samsung 27 inch Gaming Monitor for Business, Curved 1080p LED 60Hz Anti-Glare Display, AMD FreeSync, 4ms, 3000:1 Contrast Ratio, HDMI, VGA D-Sub, DisplayPort, White, with HDMI Cable",,$323.46,0%,No reviews,0,https://www.amazon.ca/Samsung-Monitor-Business-Anti-Glare-FreeSync/dp/B09R4HQD2Z/ref=sr_1_314?keywords=4k+monitor&qid=1654371680&sr=8-314
